STATION,CurrentSite,Field pH,Field DO,Field Temp,Field SampTemp,Field AirTemp,Field SampDepth,Field Turb,Field EC,EC,Color,Temp,pH,Total Alk,BiCarb,Cab,OH,Hardness,CalcHardness,Calc TDS,TSS,Ca,Cl,Mg,Nitrate,Nitrite,NO3+NO2,Ammonia,Kjeldahl N,Total N,DO,Total P,FRP,K,Na,SO4,Al,As,Cd,Cr,Cu,F,Fe,Pb,Mn,Hg,Mo,Ni,Se,SiO2,Zn,Anions,Cations,TOC,DOC,Chlorophyll-a,Phaeophytin,STNAME,LATITUDE,LONGITUDE,FISHING,FISH,LOCATION
221001,*,319,312,0,0,0,315,331,0,0,331,0,0,0,0,0,0,0,0,0,331,0,0,0,0,0,0,9,331,0,0,331,327,0,0,0,0,0,0,0,0,0,0,0,0,0,0,0,0,0,0,0,0,0,0,0,0,GENOA RIVER,-37.13865499,149.3172961,1,"Bream, Estuary perch, Bass",ROCKTON
221201,*,360,354,0,0,0,358,372,0,0,370,0,0,2,0,0,0,0,0,0,369,2,2,2,0,0,0,9,370,0,0,370,364,2,2,2,0,0,0,0,0,0,2,0,2,0,0,0,0,2,0,0,0,2,0,0,0,CANN RIVER (WEST BRANCH),-37.37293559,149.1986606,0,,WEERAGUA
221207,*,464,457,0,0,0,464,476,0,0,294,0,0,0,0,0,0,0,0,0,294,0,0,0,0,0,0,9,294,0,0,295,289,0,0,0,0,0,0,0,0,0,0,0,0,0,0,0,0,0,0,0,0,0,0,0,0,ERRINUNDRA RIVER,-37.44703719,148.9152556,0,,ERRINUNDRA
221208,*,345,339,0,0,0,344,357,0,0,211,0,0,0,0,0,0,0,0,0,210,0,0,0,0,0,0,9,210,0,0,210,209,0,0,0,0,0,0,0,0,0,0,0,0,0,0,0,0,0,0,0,0,0,0,0,0,WINGAN RIVER,-37.688768,149.4917673,0,,WINGAN INLET NATIONAL PARK
221209,*,192,192,0,0,0,192,192,0,0,0,0,0,0,0,0,0,0,0,0,0,0,0,0,0,0,0,0,0,0,0,0,0,0,0,0,0,0,0,0,0,0,0,0,0,0,0,0,0,0,0,0,0,0,0,0,0,CANN RIVER (EAST BRANCH),-37.35543111,149.2070458,0,,WEERAGUA
221210,*,362,355,0,0,0,360,374,0,0,370,0,0,2,0,0,0,0,0,0,370,2,2,2,0,0,0,9,370,0,0,370,363,2,2,2,0,0,0,0,0,0,2,0,2,0,0,0,0,2,0,0,0,2,0,0,0,GENOA RIVER,-37.41577078,149.5203757,1,"Bream, Estuary perch, Bass",THE GORGE
221211,*,224,221,0,0,0,222,233,0,0,228,0,0,0,0,0,0,0,0,0,227,0,0,0,0,0,0,3,227,0,0,228,225,0,0,0,0,0,0,0,0,0,0,0,0,0,0,0,0,0,0,0,0,0,0,0,0,COMBIENBAR RIVER,-37.44019449,148.9831348,0,,COMBIENBAR
221212,*,362,355,0,0,0,359,372,0,0,364,0,0,2,0,0,0,0,0,0,364,2,2,2,0,0,0,9,364,0,0,365,359,2,2,2,0,0,0,0,0,0,2,0,2,0,0,0,0,2,0,0,0,2,0,0,0,BEMM RIVER,-37.60712619,148.9016487,1,"Flathead, Bream, Bass, Estuary perch",PRINCES HIGHWAY
222200,*,361,353,0,0,0,359,374,0,0,367,0,0,1,0,0,0,0,0,0,356,1,1,1,0,0,0,9,367,0,0,367,364,1,1,1,0,216,216,216,216,0,1,216,1,216,0,216,0,1,216,0,0,1,0,0,0,SNOWY RIVER,-37.66108607,148.3613139,0,,JARRAHMOND
222201,*,96,96,0,0,0,96,96,0,0,71,0,0,0,0,0,0,0,0,0,70,0,0,0,0,0,0,0,71,0,0,71,69,0,0,0,0,0,0,0,0,0,0,0,0,0,0,0,0,0,0,0,0,0,0,0,0,SNOWY RIVER,-37.70739307,148.4509503,0,,ORBOST
222202,*,362,355,0,0,0,359,375,0,0,365,0,0,1,0,0,0,0,0,0,364,1,1,1,0,0,0,9,364,0,0,363,362,1,1,1,0,0,0,0,0,0,1,0,1,0,0,0,0,1,0,0,0,1,0,0,0,BRODRIBB RIVER,-37.51153449,148.5473254,0,,SARDINE CREEK
222206,*,313,308,0,0,0,311,325,0,0,323,0,0,2,0,0,0,0,0,0,322,2,2,2,0,0,0,8,323,0,0,323,319,2,2,2,0,0,0,0,0,0,2,0,2,0,0,0,0,2,0,0,0,2,0,0,0,BUCHAN RIVER,-37.49584324,148.1732424,0,,BUCHAN
222209,*,361,357,0,0,0,359,373,0,0,366,0,0,0,0,0,0,0,0,0,366,0,0,0,0,0,0,8,365,1,0,366,364,0,0,0,0,0,0,0,0,0,0,0,0,0,0,0,0,0,0,0,0,0,0,0,0,SNOWY RIVER,-37.08362756,148.4132551,0,,MCKILLOP BRIDGE
222210,*,277,277,0,0,0,276,277,0,0,99,0,0,0,0,0,0,0,0,0,99,0,0,0,0,0,0,0,99,0,0,99,99,0,0,0,0,0,0,0,0,0,0,0,0,0,0,0,0,0,0,0,0,0,0,0,0,DEDDICK RIVER,-37.0853747,148.4241522,0,,DEDDICK (CASEYS)
222213,*,272,272,0,0,0,272,272,0,0,98,0,0,0,0,0,0,0,0,0,98,0,0,0,0,0,0,0,98,0,0,98,98,0,0,0,0,0,0,0,0,0,0,0,0,0,0,0,0,0,0,0,0,0,0,0,0,SUGGAN BUGGAN RIVER,-36.95505536,148.3259208,0,,SUGGAN BUGGAN
222217,*,346,338,0,0,0,342,359,0,0,324,0,0,0,0,0,0,0,0,0,321,0,0,0,0,0,0,8,322,0,0,321,321,0,0,0,0,0,0,0,0,0,0,0,0,0,0,0,0,0,0,0,0,0,0,0,0,RODGER RIVER,-37.41015604,148.3598666,0,,JACKSONS CROSSING
222219,*,175,174,0,0,0,174,179,0,0,183,0,0,0,0,0,0,0,0,0,183,0,0,0,0,0,0,3,183,0,0,183,182,0,0,0,0,1,1,1,1,0,0,1,0,1,0,1,0,0,1,0,0,0,0,0,0,SNOWY RIVER,-37.49908473,148.2736248,0,,D/S OF BASIN CREEK
223202,*,362,364,0,0,0,362,378,0,0,375,0,1,2,0,0,0,0,0,0,375,2,2,2,0,0,0,7,375,0,0,375,365,2,2,2,0,0,0,0,0,0,2,0,2,0,0,0,0,2,0,0,0,2,0,0,0,TAMBO RIVER,-37.2687812,147.7288186,1,"Bream, Luderick, Flathead, Mulloway",SWIFTS CREEK
223204,*,346,349,0,0,0,346,362,0,0,329,0,1,0,0,0,0,0,0,0,329,0,0,0,0,0,0,8,330,0,0,330,328,0,0,0,0,0,0,0,0,0,0,0,0,0,0,0,0,0,0,0,0,0,0,0,0,NICHOLSON RIVER,-37.59294631,147.697124,0,,DEPTFORD
223205,*,276,276,0,0,0,276,276,0,0,145,0,0,46,0,0,0,0,0,0,145,46,46,46,0,0,0,0,144,0,0,144,94,46,46,46,0,0,0,0,0,2,45,0,45,2,0,0,0,46,0,0,0,42,0,0,0,TAMBO RIVER,-37.67253062,147.8698513,1,"Bream, Luderick, Flathead, Mulloway",D/S OF RAMROD CREEK
223209,*,17,17,0,0,0,17,17,0,0,205,0,0,0,0,0,0,0,0,0,203,0,0,0,0,0,0,0,205,0,0,205,204,0,0,0,0,0,0,0,0,0,0,0,0,0,0,0,0,0,0,0,0,0,0,0,0,TAMBO RIVER,-37.7573062,147.8491161,1,"Bream, Luderick, Flathead, Mulloway",BATTENS LANDING
223210,*,627,627,0,0,0,629,681,0,0,724,0,1,0,0,0,0,0,0,0,723,0,0,0,0,0,0,0,724,0,0,723,725,0,0,0,0,1,1,1,1,0,0,1,0,1,0,1,0,0,1,0,0,0,0,0,0,NICHOLSON RIVER,-37.73756155,147.7109962,0,,SARSFIELD
223212,*,196,196,0,0,0,196,196,0,0,98,0,0,0,0,0,0,0,0,0,97,0,0,0,0,0,0,0,98,0,0,98,97,0,0,0,0,0,0,0,0,0,0,0,0,0,0,0,0,0,0,0,0,0,0,0,0,TIMBARRA RIVER,-37.44631843,148.0634337,0,,D/S OF WILKINSON CREEK
223214,*,359,361,0,0,0,359,373,0,0,369,0,1,0,0,0,0,0,0,0,369,0,0,0,0,0,0,7,369,0,0,369,360,0,0,11,0,14,4,8,15,0,0,15,11,2,0,8,0,0,15,0,0,0,0,0,0,TAMBO RIVER,-36.95470656,147.92764,1,"Bream, Luderick, Flathead, Mulloway",U/S OF SMITH CREEK
223215,*,96,96,0,0,0,96,97,0,0,4,0,0,0,0,0,0,0,0,0,4,0,0,0,0,0,0,0,4,0,0,4,4,0,0,0,0,0,0,0,0,0,0,0,0,0,0,0,0,0,0,0,0,0,0,0,0,HAUNTED STREAM,-37.48138705,147.8258389,0,,HELLS GATE
224200,*,4,4,0,0,0,4,5,0,0,4,0,0,0,0,0,0,0,0,0,4,0,0,0,0,0,0,4,4,0,0,4,4,0,0,0,0,1,1,1,1,0,0,1,0,1,0,1,0,0,1,0,0,0,0,0,0,MITCHELL RIVER,-37.82638609,147.5936165,1,Bream,BAIRNSDALE
224201,*,179,179,0,0,0,179,179,0,0,47,0,0,47,0,0,0,0,0,0,47,47,47,47,0,0,0,0,46,0,0,45,0,47,47,47,0,0,0,0,0,0,47,0,47,0,0,0,0,45,0,0,0,43,0,0,0,WONNANGATTA RIVER,-37.48996086,147.1664437,0,,WATERFORD
224203,*,361,363,0,0,0,361,376,0,0,367,0,1,2,0,0,0,0,0,0,363,2,2,2,0,0,0,8,364,0,0,364,358,2,2,2,0,5,5,5,5,0,2,5,2,5,0,5,0,2,5,0,0,2,0,0,0,MITCHELL RIVER,-37.76358991,147.3747776,1,Bream,GLENALADALE
224206,*,355,358,0,0,0,358,371,0,0,364,0,1,2,0,0,0,0,0,0,365,2,2,2,0,0,0,5,365,0,0,365,354,2,2,2,0,0,0,0,0,0,2,0,2,0,0,0,0,2,0,0,0,2,0,0,0,WONNANGATTA RIVER,-37.4074969,147.0891645,0,,CROOKED RIVER
224213,*,358,362,0,0,0,360,375,0,0,367,0,1,0,0,0,0,0,0,0,367,0,0,0,0,0,0,7,367,0,0,367,362,0,0,0,0,0,0,0,0,0,0,0,0,0,0,0,0,0,0,0,0,0,0,0,0,DARGO RIVER,-37.49511762,147.2686992,0,,LOWER DARGO ROAD
224217,*,639,639,0,0,0,641,691,0,0,1035,0,2,0,0,0,0,0,0,0,1034,0,0,0,0,0,0,4,1043,0,0,1043,1027,0,0,0,0,149,149,149,149,0,0,149,0,149,0,149,0,0,149,0,0,0,0,0,0,MITCHELL RIVER,-37.81500036,147.5722231,1,Bream,ROSEHILL
225114,*,303,303,0,0,0,301,317,0,0,316,0,0,0,0,0,0,0,0,0,317,0,0,0,0,0,0,8,317,0,0,317,312,0,0,0,0,1,1,1,1,0,0,1,0,1,0,1,0,0,1,0,0,0,0,0,0,THOMSON RIVER,-37.71277777,146.2819456,0,,D/S WHITELAWS CREEK
225201,*,327,327,0,0,0,326,340,0,0,334,0,1,0,0,0,0,0,0,0,323,0,0,0,0,0,0,8,334,0,0,334,333,0,0,0,0,214,214,214,214,0,0,214,0,214,0,214,0,0,214,0,0,0,0,0,0,AVON RIVER,-37.9685868,147.0760061,0,,STRATFORD
225209,*,480,480,0,0,0,480,500,0,0,343,8,84,122,0,0,0,0,0,0,347,122,122,122,0,0,0,8,340,4,8,351,290,121,122,122,0,0,0,0,0,1,48,0,48,0,0,0,0,46,0,0,0,47,0,0,0,MACALISTER RIVER,-37.62961037,146.6233123,0,,LICOLA
225210,*,362,362,0,0,0,360,377,0,0,362,1,1,0,0,0,0,0,0,0,361,0,0,0,0,0,0,8,362,0,1,362,354,0,0,0,0,1,1,1,1,0,0,1,0,1,0,1,0,0,1,0,0,0,0,0,0,THOMSON RIVER,-37.89101,146.40282,1,Mulloway,THE NARROWS
225212,*,251,251,0,0,0,251,266,0,0,152,1,28,28,0,0,0,0,0,0,150,28,28,28,0,0,0,0,151,0,0,152,149,28,28,28,0,0,0,0,0,0,0,0,0,0,0,0,0,0,0,0,0,0,0,0,0,THOMSON RIVER,-38.01068638,146.8810046,0,,WANDOCKA
225213,*,279,279,0,0,0,277,292,0,0,280,0,0,0,0,0,0,0,0,0,278,0,0,0,0,0,0,0,278,0,0,278,266,0,0,0,0,1,1,1,1,0,0,1,0,1,0,1,0,0,1,0,0,0,0,0,0,ABERFELDY RIVER,-37.85381845,146.4331719,0,,BEARDMORE
225218,*,350,350,0,0,0,350,362,0,0,179,0,0,0,0,0,0,0,0,0,180,0,0,0,0,0,0,0,180,0,0,180,172,0,0,0,0,0,0,0,0,0,0,0,0,0,0,0,0,0,0,0,0,0,0,0,0,FREESTONE CREEK,-37.8101256,147.0950473,0,,BRIAGALONG
225219,*,44,44,0,0,0,44,51,0,0,0,7,7,0,0,0,0,0,0,0,3,0,0,0,0,0,0,0,0,3,7,7,0,0,0,0,0,0,0,0,0,0,2,0,2,0,0,0,0,0,0,0,0,3,0,0,0,MACALISTER RIVER,-37.51621523,146.5664779,0,,GLENCAIRN
225223,*,266,265,0,0,0,264,279,0,0,242,0,27,27,0,0,0,0,0,0,241,27,27,27,0,0,0,0,241,0,0,241,239,27,27,27,0,0,0,0,0,0,0,0,0,0,0,0,0,0,0,0,0,0,0,0,0,VALENCIA CREEK,-37.74346413,146.9922931,0,,GILLIO ROAD
225224,*,309,309,0,0,0,309,328,0,0,144,6,5,0,0,0,0,0,0,0,144,0,0,0,0,0,0,8,144,0,6,149,144,0,0,0,0,0,0,0,0,0,0,0,0,0,0,0,0,0,0,0,0,0,0,0,0,AVON RIVER,-37.80184085,146.8849073,0,,THE CHANNEL
225231,*,207,207,0,0,0,204,220,0,0,216,0,0,0,0,0,0,0,0,0,215,0,0,0,0,0,0,8,215,0,0,215,215,0,0,0,0,0,0,0,0,0,0,0,0,0,0,0,0,0,0,0,0,0,0,0,0,THOMSON RIVER,-37.97499864,146.625004,0,,U/S OF COWWARR WEIR
225232,*,251,250,0,0,0,249,785,0,0,696,530,14,0,0,0,0,0,0,0,678,0,0,0,0,0,0,19,692,465,456,1155,691,0,0,0,0,640,640,640,640,0,0,640,0,640,0,640,0,0,640,0,0,0,0,0,0,THOMSON RIVER,-38.04526544,146.9921134,0,,BUNDALAGUAH
225234,*,632,632,0,0,0,631,802,0,0,720,117,61,0,0,0,0,0,0,0,717,0,0,0,0,0,0,0,719,49,103,814,719,0,0,0,0,0,0,0,0,0,0,0,0,0,0,0,0,0,0,0,0,0,0,0,0,AVON RIVER,-38.0238042,147.1736143,0,,CLYDEBANK (CHINN'S BRIDGE)
225247,*,118,118,0,0,0,118,258,0,0,128,125,58,0,0,0,0,0,0,0,127,0,0,0,0,0,0,0,127,54,95,231,127,0,0,0,0,0,0,0,0,0,0,0,0,0,0,0,0,0,0,0,0,0,0,0,0,MACALISTER RIVER,-38.02567825,146.9777193,0,,RIVERSLEA
226005,*,309,310,0,0,0,310,310,0,0,192,0,76,122,0,0,0,0,0,0,192,122,122,122,0,0,0,0,192,0,0,192,144,122,122,121,0,0,0,0,0,3,46,0,46,3,0,0,0,45,0,0,0,45,0,0,0,LATROBE RIVER,-38.166772,146.4097,0,,THOMS BRIDGE
226007,*,200,199,0,0,0,198,213,0,0,210,0,0,0,0,0,0,0,0,0,198,0,0,0,0,0,0,1,210,0,0,210,210,0,0,0,0,210,210,210,210,0,0,210,0,210,0,210,0,0,210,0,0,0,0,0,0,TYERS RIVER,-38.04843951,146.3557807,0,,BROWNS
226008,*,67,67,0,0,0,66,84,0,0,80,0,0,0,0,0,0,0,0,0,79,0,0,0,0,0,0,1,80,0,0,80,80,0,0,0,0,0,0,0,0,0,0,0,0,0,0,0,0,0,0,0,0,0,0,0,0,TYERS RIVER WEST BRANCH,-37.94434539,146.3086626,0,,MORGANS MILL
226017,*,200,199,0,0,0,198,213,0,0,211,0,0,0,0,0,0,0,0,0,198,0,0,0,0,0,0,1,210,0,0,210,209,0,0,0,0,209,209,209,209,0,0,209,0,209,0,209,0,0,209,0,0,0,0,0,0,JACOBS CREEK,-38.0518048,146.3885082,0,,O'TOOLES
226021,*,77,77,0,0,0,77,91,0,0,83,0,0,0,0,0,0,0,0,0,83,0,0,0,0,0,0,0,83,0,0,83,82,0,0,0,0,0,0,0,0,0,0,0,0,0,0,0,0,0,0,0,0,0,0,0,0,NARRACAN CREEK,-38.16300439,146.2690819,0,,MOE
226028,*,163,163,0,0,0,161,176,0,0,126,0,0,0,0,0,0,0,0,0,126,0,0,0,0,0,0,0,143,3,0,143,143,0,0,0,0,0,0,0,0,0,0,0,0,0,0,0,0,0,0,0,0,0,0,0,0,TYERS R,-38.13938877,146.4465805,0,,PUMP HOUSE
226041,*,1,0,0,0,0,0,1,0,0,0,0,0,0,0,0,0,0,0,0,0,0,0,0,0,0,0,0,0,0,0,0,0,0,0,0,0,0,0,0,0,0,0,0,0,0,0,0,0,0,0,0,0,0,0,0,0,LAKE WELLINGTON,-38.1233752,147.3750806,0,,BULL BAY
226204,*,316,315,0,0,0,314,329,0,0,322,0,0,0,0,0,0,0,0,0,320,0,0,0,0,0,0,9,320,0,0,320,320,0,0,0,0,0,0,0,0,0,0,0,0,0,0,0,0,0,0,0,0,0,0,0,0,LATROBE RIVER,-38.08850552,146.1596572,0,,WILLOW GROVE
226205,*,257,257,0,0,0,257,257,0,0,99,0,0,0,0,0,0,0,0,0,98,0,0,0,0,0,0,0,99,0,0,99,99,0,0,0,0,0,0,0,0,0,0,0,0,0,0,0,0,0,0,0,0,0,0,0,0,LATROBE RIVER,-37.90701017,146.0221188,0,,NOOJEE
226209,*,195,194,0,0,0,193,207,0,0,205,0,0,0,0,0,0,0,0,0,205,0,0,0,0,0,0,0,205,0,0,205,204,0,0,0,0,0,0,0,0,0,0,0,0,0,0,0,0,0,0,0,0,0,0,0,0,MOE RIVER,-38.20566815,146.0021236,0,,DARNUM
226216,*,245,245,0,0,0,245,258,0,0,131,0,0,43,0,0,0,0,0,0,131,43,43,43,0,0,0,0,131,0,0,131,87,43,43,43,0,0,0,0,0,0,43,0,43,0,0,0,0,42,0,0,0,43,0,0,0,TANJIL RIVER,-38.09467319,146.2422901,0,,TANJIL SOUTH
226220,*,159,159,0,0,0,159,159,0,0,1,0,1,1,0,0,0,0,0,0,1,1,1,1,0,0,0,0,1,0,0,1,1,1,1,1,0,0,0,0,0,0,0,0,0,0,0,0,0,0,0,0,0,0,0,0,0,LOCH RIVER,-37.86668554,146.0068379,0,,NOOJEE
226222,*,431,430,0,0,0,431,443,0,0,293,1,76,114,0,0,0,0,0,0,291,114,114,114,0,0,0,9,292,0,1,292,254,114,114,114,0,0,0,0,0,0,38,0,38,0,0,0,0,38,0,0,0,35,0,0,0,LATROBE RIVER,-37.8822443,145.8929853,0,,NEAR NOOJEE (US ADA R JUNCT.)
226226,*,345,344,0,0,0,343,357,0,0,216,0,0,0,0,0,0,0,0,0,216,0,0,0,0,0,0,9,216,0,0,216,215,0,0,0,0,1,1,1,1,0,0,1,0,1,0,1,0,0,1,0,0,0,0,0,0,TANJIL RIVER,-37.97984217,146.193315,0,,TANJIL JUNCTION
226227,*,251,250,0,0,0,249,835,0,0,685,586,12,0,0,0,0,0,0,0,681,0,0,0,0,0,0,19,669,525,515,1197,663,0,0,0,0,1,1,1,1,0,0,1,0,1,0,1,0,0,1,0,0,0,0,0,0,LATROBE RIVER,-38.13921347,146.9189788,0,,KILMANY SOUTH
226228,*,362,362,0,0,0,360,381,0,0,371,1,5,2,0,0,0,0,0,0,356,2,2,2,0,0,0,9,370,0,0,375,361,2,2,2,0,220,220,220,220,0,2,220,2,220,0,220,0,2,220,0,0,2,0,0,0,LATROBE RIVER,-38.14239142,146.7917096,0,,ROSEDALE (MAIN STREAM)
226235,*,66,66,0,0,0,65,83,0,0,79,0,0,0,0,0,0,0,0,0,79,0,0,0,0,0,0,1,79,0,0,79,79,0,0,0,0,0,0,0,0,0,0,0,0,0,0,0,0,0,0,0,0,0,0,0,0,TYERS RIVER,-37.96182377,146.3341122,0,,TYERS JUNCTION
226402,*,349,348,0,0,0,347,361,0,0,326,1,0,0,0,0,0,0,0,0,313,0,0,0,0,0,0,9,325,0,0,326,324,0,0,0,0,214,214,214,214,0,0,214,0,214,0,214,0,0,214,0,0,0,0,0,0,MOE DRAIN,-38.17598946,146.2130207,0,,TRAFALGAR EAST
226408,*,189,188,0,0,0,187,202,0,0,201,0,0,0,0,0,0,0,0,0,201,0,0,0,0,0,0,0,201,0,0,201,201,0,0,0,0,0,0,0,0,0,0,0,0,0,0,0,0,0,0,0,0,0,0,0,0,MORWELL R,-38.215146,146.368318,0,,YALLOURN
226415,*,238,232,0,0,0,237,255,0,0,227,0,0,18,18,18,18,0,0,0,227,18,18,18,18,18,0,18,0,0,0,18,18,18,18,18,0,0,17,18,18,0,18,18,18,17,18,18,18,18,18,0,0,0,0,0,0,TRARALGON CREEK,-38.2698709,146.5404981,0,,TRARALGON SOUTH (JONES RD)
227200,*,304,304,0,0,0,306,319,0,0,308,0,0,2,0,0,0,0,0,0,307,2,2,2,0,0,0,9,308,0,0,308,306,2,2,2,0,0,0,0,0,0,2,0,2,0,0,0,0,2,0,0,0,2,0,0,0,TARRA RIVER,-38.550964,146.682818,0,,YARRAM
227202,*,362,360,0,0,0,360,375,0,0,367,0,0,2,0,0,0,0,0,0,355,2,2,2,0,0,0,9,367,0,0,367,364,2,2,2,0,214,214,214,214,0,2,214,2,214,0,214,0,2,214,0,0,2,0,0,0,TARWIN RIVER,-38.58164621,145.9915693,1,"Estuary, Perch, Bream",MEENIYAN
227205,*,150,150,0,0,0,150,150,0,0,0,0,0,0,0,0,0,0,0,0,0,0,0,0,0,0,0,0,0,0,0,0,0,0,0,0,0,0,0,0,0,0,0,0,0,0,0,0,0,0,0,0,0,0,0,0,0,MERRIMAN CREEK,-38.35208581,146.6547464,0,,CALIGNEE SOUTH
227211,*,349,347,0,0,0,347,361,0,0,324,0,0,0,0,0,0,0,0,0,324,0,0,0,0,0,0,9,324,0,0,324,322,0,0,0,0,1,1,1,1,0,0,1,0,1,0,1,0,0,1,0,0,0,0,0,0,AGNES RIVER,-38.6399743,146.3724776,0,,TOORA
227225,*,170,171,0,0,0,171,171,0,0,135,0,0,0,0,0,0,0,0,0,135,0,0,0,0,0,0,9,135,0,0,135,133,0,0,0,0,0,0,0,0,0,0,0,0,0,0,0,0,0,0,0,0,0,0,0,0,TARRA RIVER,-38.46949417,146.5551106,0,,FISCHERS
227226,*,131,131,0,0,0,131,131,0,0,0,0,0,0,0,0,0,0,0,0,0,0,0,0,0,0,0,0,0,0,0,0,0,0,0,0,0,0,0,0,0,0,0,0,0,0,0,0,0,0,0,0,0,0,0,0,0,TARWIN RIVER EAST BRANCH,-38.49963302,146.1609799,1,"Estuary, Perch, Bream",DUMBALK NORTH
227227,*,271,271,0,0,0,271,271,0,0,99,0,0,0,0,0,0,0,0,0,98,0,0,0,0,0,0,0,99,0,0,99,97,0,0,0,0,0,0,0,0,0,0,0,0,0,0,0,0,0,0,0,0,0,0,0,0,WILKUR CREEK,-38.3929462,145.9573587,0,,LEONGATHA
227231,*,461,458,0,0,0,358,475,0,0,365,0,0,2,0,0,0,0,0,0,363,2,2,2,103,103,0,112,468,103,0,468,362,2,2,2,0,306,306,306,306,0,2,306,2,203,0,306,0,2,306,0,0,2,0,0,0,BASS RIVER,-38.46690301,145.5151703,1,"Bream, Estuary perch, Mullet",GLEN FORBES SOUTH
227232,*,156,156,0,0,0,156,156,0,0,83,0,0,0,0,0,0,0,0,0,79,0,0,0,0,0,0,0,79,0,0,79,79,0,0,0,0,0,0,0,0,0,0,0,0,0,0,0,0,0,0,0,0,0,0,0,0,LANCE CREEK U/S LANCE CREEK RESERVOIR,-38.49200158,145.6673833,0,,
227236,*,107,106,0,0,0,106,120,0,0,87,0,0,0,0,0,0,0,0,0,87,0,0,0,0,0,0,0,88,0,0,88,87,0,0,0,0,0,0,0,0,0,0,0,0,0,0,0,0,0,0,0,0,0,0,0,0,POWLETT RIVER,-38.55901685,145.7088978,0,,D/S FOSTER CREEK JUNCTION
227237,*,349,348,0,0,0,348,362,0,0,323,0,0,0,0,0,0,0,0,0,321,0,0,0,0,0,0,9,323,0,0,323,323,0,0,0,0,201,201,201,201,0,0,201,0,201,0,201,0,0,201,0,0,0,0,0,0,FRANKLIN RIVER,-38.62956287,146.3080486,0,,TOORA
227251,*,181,179,0,0,0,179,194,0,0,191,0,0,0,0,0,0,0,0,0,190,0,0,0,0,0,0,0,190,0,0,190,189,0,0,0,0,0,0,0,0,0,0,0,0,0,0,0,0,0,0,0,0,0,0,0,0,TARRA RIVER,-38.47569363,146.5792734,0,,TARRA WEIR OFFTAKE
227253,*,192,191,0,0,0,191,205,0,0,203,0,0,0,0,0,0,0,0,0,203,0,0,0,0,0,0,0,203,0,0,203,203,0,0,0,0,0,0,0,0,0,0,0,0,0,0,0,0,0,0,0,0,0,0,0,0,TARWIN R D/S FISH CK DRAIN,-38.694604,145.877442,0,,
227254,*,188,188,0,0,0,190,202,0,0,147,0,0,0,0,0,0,0,0,0,146,0,0,0,0,0,0,0,146,0,0,146,146,0,0,0,0,0,0,0,0,0,0,0,0,0,0,0,0,0,0,0,0,0,0,0,0,POWLETT R D/S WONTHAGGI,-38.566732,145.561338,0,,
227258,*,163,163,0,0,0,160,175,0,0,114,0,0,0,0,0,0,0,0,0,113,0,0,0,0,0,0,0,113,0,0,113,113,0,0,0,0,0,0,0,0,0,0,0,0,0,0,0,0,0,0,0,0,0,0,0,0,ALBERT RIVER,-38.57538504,146.5719882,0,,GELLIONDALE
227262,*,131,131,0,0,0,129,144,0,0,138,0,0,0,0,0,0,0,0,0,138,0,0,0,0,0,0,0,138,0,0,138,138,0,0,0,0,0,0,0,0,0,0,0,0,0,0,0,0,0,0,0,0,0,0,0,0,TARRA RIVER,-38.60997386,146.7033269,0,,TARRAVILLE (BREWERY CK ROAD)
227272,*,55,55,0,0,0,53,55,0,0,56,0,0,0,0,0,0,0,0,0,56,0,0,0,0,0,0,0,56,0,0,56,56,0,0,0,0,0,0,0,0,0,0,0,0,0,0,0,0,0,0,0,0,0,0,0,0,MERRIMAN CREEK,-38.35545556,147.1651778,0,,SEASPRAY PUMP STATION
228272,*,298,292,0,0,0,0,297,0,0,0,0,0,0,0,0,0,0,0,0,0,0,0,0,298,297,0,298,298,288,0,298,0,0,0,0,0,242,242,242,242,0,0,242,0,0,0,242,0,0,242,0,0,0,0,0,0,KANANOOK CREEK AT WELLS STREET FRANKSTON,-38.1439,145.12,0,,
228273,*,125,119,0,0,0,0,125,0,0,0,0,0,0,0,0,0,0,0,0,0,0,0,0,125,125,0,125,125,125,0,125,0,0,0,0,0,125,125,125,125,0,0,125,0,0,0,125,0,0,125,0,0,0,0,0,0,MONBULK CREEK OFF KAROO ROAD,-37.9038,145.257,0,,
228274,*,386,381,0,0,0,0,387,0,0,0,0,0,0,0,0,0,0,0,0,0,0,0,0,383,382,0,383,382,384,0,383,0,0,0,0,0,263,263,263,263,0,0,263,0,0,0,263,0,0,263,0,0,0,0,0,0,PATTERSON RIVER AT NATIONAL WATER SPORTS CNTR BANGHOLME,-38.0576,145.146,0,,
228275,*,126,121,0,0,0,0,125,0,0,0,0,0,0,0,0,0,0,0,0,0,0,0,0,126,126,0,126,126,126,0,126,0,0,0,0,0,126,126,126,126,0,0,126,0,0,0,126,0,0,126,0,0,0,0,0,0,KACKERABOITE CREEK UPSTREAM OLD MORNINGTON ROAD,-38.1668,145.1,0,,
228276,*,95,92,0,0,0,0,95,0,0,0,0,0,0,0,0,0,0,0,0,0,0,0,0,95,95,0,95,95,95,0,95,0,0,0,0,0,95,95,95,95,0,0,95,0,0,0,95,0,0,95,0,0,0,0,0,0,KING PARROT CREEK UPSTREAM KOO WEE RUP LONGWARRY ROAD,-38.1749,145.717,0,,
228277,*,95,92,0,0,0,0,95,0,0,0,0,0,0,0,0,0,0,0,0,0,0,0,0,95,95,0,95,95,95,0,95,0,0,0,0,0,95,95,95,95,0,0,95,0,0,0,95,0,0,95,0,0,0,0,0,0,LABERTOUCHE CREEK OFF LABERTOUCHE JACKSONS TRACK,-38.0708,145.797,0,,
228278,*,61,56,0,0,0,0,61,0,0,0,0,0,0,0,0,0,0,0,0,0,0,0,0,61,61,0,61,61,61,0,61,0,0,0,0,0,61,61,61,61,0,0,61,0,0,0,61,0,0,61,0,0,0,0,0,0,LOWER GUM SCRUB CREEK AT WENN ROAD,-38.1481,145.447,0,,
228279,*,103,100,0,0,0,0,103,0,0,0,0,0,0,0,0,0,0,0,0,0,0,0,0,103,103,0,103,103,103,0,103,0,0,0,0,0,103,103,103,103,0,0,103,0,0,0,103,0,0,103,0,0,0,0,0,0,MINNIEBURN CREEK AT SOUTH ROAD,-38.2344,145.835,0,,
228280,*,83,83,0,0,0,0,83,0,0,0,0,0,0,0,0,0,0,0,0,0,0,0,0,83,83,0,83,83,83,0,83,0,0,0,0,0,83,83,83,83,0,0,83,0,0,0,83,0,0,83,0,0,0,0,0,0,MUSK CREEK UPSTREAM KOO WEE RUP LONGWARRY ROAD,-38.1877,145.71,0,,
228281,*,127,121,0,0,0,0,126,0,0,0,0,0,0,0,0,0,0,0,0,0,0,0,0,127,127,0,127,127,127,0,127,0,0,0,0,0,127,127,127,127,0,0,127,0,0,0,127,0,0,127,0,0,0,0,0,0,OLIVERS CREEK AT BAYVIEW ROAD,-38.2885,145.196,0,,
228282,*,122,117,0,0,0,0,121,0,0,0,0,0,0,0,0,0,0,0,0,0,0,0,0,122,122,0,122,122,122,0,122,0,0,0,0,0,122,122,122,122,0,0,122,0,0,0,122,0,0,122,0,0,0,0,0,0,SWEETWATER CREEK AT GRANGE ROAD,-38.1599,145.111,0,,
228283,*,77,75,0,0,0,0,77,0,0,0,0,0,0,0,0,0,0,0,0,0,0,0,0,77,77,0,77,77,77,0,77,0,0,0,0,0,77,77,77,77,0,0,77,0,0,0,77,0,0,77,0,0,0,0,0,0,WYLIES DRAIN AT BAXTER-TOORADIN ROAD,-38.1957,145.338,0,,
228284,*,56,56,0,0,0,0,56,0,0,0,0,0,0,0,0,0,0,0,0,0,0,0,0,56,56,0,56,56,56,0,56,0,0,0,0,0,56,56,56,56,0,0,56,0,0,0,56,0,0,56,0,0,0,0,0,0,MCDONALDS DRAIN AT BALLARTO ROAD,-38.1563,145.503,0,,
228285,*,98,98,0,0,0,0,98,0,0,0,0,0,0,0,0,0,0,0,0,0,0,0,0,98,98,0,98,98,98,0,98,0,0,0,0,0,98,98,98,98,0,0,98,0,0,0,98,0,0,98,0,0,0,0,0,0,ARARAT CREEK AT NAR NAR GOO LONGWARRY ROAD,-38.0832,145.593,0,,
228286,*,102,99,0,0,0,0,102,0,0,0,0,0,0,0,0,0,0,0,0,0,0,0,0,102,102,0,102,102,102,0,102,0,0,0,0,0,102,102,102,102,0,0,102,0,0,0,102,0,0,102,0,0,0,0,0,0,DIAMOND CREEK AT ELLIS ROAD,-38.0129,145.742,0,,
228386,*,304,298,0,0,0,0,303,0,0,0,0,0,0,0,0,0,0,0,0,0,0,0,0,304,304,0,304,303,304,0,303,0,0,0,0,0,236,236,236,236,0,0,236,0,0,0,236,0,0,236,0,0,0,0,0,0,BALCOMBE CREEK AT NEPEAN HIGHWAY MOUNT MARTHA,-38.2642,145.037,0,,
228388,*,269,269,0,0,0,0,269,0,0,0,0,0,0,0,0,0,0,0,0,0,0,0,0,269,269,0,269,269,269,0,269,0,0,0,0,0,213,214,214,214,0,0,214,0,0,0,214,0,0,214,0,0,0,0,0,0,EUMMEMERING CREEK AT WORSLEY ROAD BANGHOLME,-38.0407,145.18,0,,
228398,*,125,119,0,0,0,0,125,0,0,0,0,0,0,0,0,0,0,0,0,0,0,0,0,125,125,0,125,125,125,0,125,0,0,0,0,0,125,125,125,125,0,0,125,0,0,0,125,0,0,125,0,0,0,0,0,0,FERNY CREEK UPSTREAM MONBULK CREEK KNOXFIELD,-37.9033,145.252,0,,
228604,*,95,95,0,0,0,0,95,0,0,0,0,0,0,0,0,0,0,0,0,0,0,0,0,95,95,0,95,95,95,0,95,0,0,0,0,0,95,95,95,95,0,0,95,0,0,0,95,0,0,95,0,0,0,0,0,0,CROYDON MAIN DRAIN AT BANGALOOK ROAD WALKWAY WEST-EAST,-37.8345,145.259,0,,
229146,*,249,245,0,0,0,0,249,0,0,0,0,0,0,0,0,0,0,0,0,0,0,0,0,249,249,0,249,249,249,0,249,0,0,0,0,0,218,218,218,218,0,0,218,0,0,0,218,0,0,218,0,0,0,0,0,0,STRINGYBARK CREEK AT YARRA GLEN ROAD COLDSTREAM,-37.6949,145.383,0,,
229289,*,207,207,0,0,0,0,207,0,0,0,0,0,0,0,0,0,0,0,0,0,0,0,0,207,207,0,207,207,207,0,207,0,0,0,0,0,207,207,207,207,0,0,207,0,0,0,207,0,0,207,0,0,0,0,0,0,LITTLE YARRA RIVER AT CORDUROY ROAD,-37.7772,145.604,0,,
229295,*,103,100,0,0,0,0,103,0,0,0,0,0,0,0,0,0,0,0,0,0,0,0,0,103,103,0,103,103,103,0,103,0,0,0,0,0,103,103,103,103,0,0,103,0,0,0,103,0,0,103,0,0,0,0,0,0,BRUCES CREEK AT BEECH STREET,-37.5112,145.123,0,,
229296,*,105,102,0,0,0,0,105,0,0,0,0,0,0,0,0,0,0,0,0,0,0,0,0,105,105,0,105,105,105,0,105,0,0,0,0,0,105,105,105,105,0,0,105,0,0,0,105,0,0,105,0,0,0,0,0,0,CORANDERRK CREEK AT HEALESVILLE-KOO WEE RUP ROAD,-37.689,145.519,0,,
229297,*,123,117,0,0,0,0,123,0,0,0,0,0,0,0,0,0,0,0,0,0,0,0,0,123,123,0,123,123,123,0,123,0,0,0,0,0,123,123,123,123,0,0,123,0,0,0,123,0,0,123,0,0,0,0,0,0,EDGARS CREEK AT MURRAY ROAD,-37.7337,144.976,0,,
229298,*,98,95,0,0,0,0,98,0,0,0,0,0,0,0,0,0,0,0,0,0,0,0,0,98,98,0,98,98,98,0,98,0,0,0,0,0,98,98,98,98,0,0,98,0,0,0,98,0,0,98,0,0,0,0,0,0,MCMAHONS CREEK AT WOODS POINT ROAD,-37.7014,145.831,0,,
229299,*,105,102,0,0,0,0,105,0,0,0,0,0,0,0,0,0,0,0,0,0,0,0,0,105,105,0,105,105,105,0,105,0,0,0,0,0,105,105,105,105,0,0,105,0,0,0,105,0,0,105,0,0,0,0,0,0,NEW CHUM CREEK AT ROAD 11 OFF MYERS CREEK ROAD,-37.6339,145.519,0,,
229416,*,126,120,0,0,0,0,126,0,0,0,0,0,0,0,0,0,0,0,0,0,0,0,0,126,126,0,126,126,126,0,126,0,0,0,0,0,126,126,126,126,0,0,126,0,0,0,126,0,0,126,0,0,0,0,0,0,OLINDA CREEK UPSTREAM HULL ROAD,-37.7781,145.361,0,,
229417,*,128,122,0,0,0,0,128,0,0,0,0,0,0,0,0,0,0,0,0,0,0,0,0,128,128,0,128,128,128,0,128,0,0,0,0,0,128,128,128,128,0,0,128,0,0,0,128,0,0,128,0,0,0,0,0,0,SCOTCHMAN CREEK AT GOLFERS DRIVE,-37.8761,145.079,0,,
229418,*,103,100,0,0,0,0,103,0,0,0,0,0,0,0,0,0,0,0,0,0,0,0,0,103,103,0,103,103,103,0,103,0,0,0,0,0,103,103,103,103,0,0,103,0,0,0,103,0,0,103,0,0,0,0,0,0,STARVATION CREEK UPSTREAM WOODS POINT ROAD,-37.7151,145.8,0,,
229419,*,373,372,0,0,0,0,350,0,0,0,0,0,0,0,0,0,0,0,0,0,0,0,0,376,376,0,376,376,376,0,376,0,0,0,0,0,230,230,230,230,0,0,230,0,0,0,230,0,0,230,0,0,0,0,0,0,YARRA RIVER AT SPADONIS RESERVE COLDSTREAM,-37.6811,145.35,0,,
229420,*,367,362,0,0,0,0,340,0,0,0,0,0,0,0,0,0,0,0,0,0,0,0,0,367,367,0,367,367,367,0,367,0,0,0,0,0,218,218,218,218,0,0,218,0,0,0,218,0,0,218,0,0,0,0,0,0,YARRA RIVER AT PRINCES BRIDGE,-37.8192,144.968,0,,
229421,*,104,101,0,0,0,0,104,0,0,0,0,0,0,0,0,0,0,0,0,0,0,0,0,104,104,0,104,104,104,0,104,0,0,0,0,0,104,104,104,104,0,0,104,0,0,0,104,0,0,104,0,0,0,0,0,0,O'SHANNASSY RIVER UPSTREAM CONFLUENCE WITH YARRA,-37.7079,145.785,0,,
229601,*,254,254,0,0,0,0,250,0,0,0,0,0,0,0,0,0,0,0,0,0,0,0,0,254,254,0,254,254,254,0,254,0,0,0,0,0,202,202,202,202,0,0,202,0,0,0,202,0,0,202,0,0,0,0,0,0,DIAMOND CREEK AT MAIN ROAD ELTHAM,-37.732,145.142,0,,
229671,*,280,277,0,0,0,0,276,0,0,0,0,0,0,0,0,0,0,0,0,0,0,0,0,267,267,0,267,267,259,0,267,0,0,0,0,0,217,217,217,217,0,0,217,0,0,0,217,0,0,217,0,0,0,0,0,0,WOORI YALLOCK CREEK UPSTREAM WARBURTON HIGHWAY,-37.7768,145.509,0,,
229677,*,104,101,0,0,0,0,104,0,0,0,0,0,0,0,0,0,0,0,0,0,0,0,0,104,104,0,104,104,104,0,104,0,0,0,0,0,104,104,104,104,0,0,104,0,0,0,104,0,0,104,0,0,0,0,0,0,SHEPHERD CREEK D/S HEALESVILLE KOOWEERUP RD NANGANA,-37.8665,145.531,0,,
230200,*,283,282,0,0,0,283,283,0,0,154,0,0,51,0,0,0,0,0,0,153,51,51,51,0,0,0,0,153,0,0,152,102,50,51,51,0,0,1,1,1,6,48,1,48,5,0,1,0,49,1,0,0,46,0,0,0,MARIBYRNONG RIVER,-37.72770609,144.8364761,0,,KEILOR
230202,*,195,194,0,0,0,195,195,0,0,212,0,0,0,0,0,0,0,0,0,212,0,0,0,0,0,0,0,212,0,0,212,211,0,0,0,0,4,13,13,13,0,0,13,0,1,0,13,0,0,13,0,0,0,0,0,0,JACKSON CREEK,-37.58321737,144.7420356,0,,SUNBURY
230204,*,126,121,0,0,0,7,126,0,0,2,0,0,2,0,0,0,0,0,0,2,2,2,2,119,119,0,119,121,119,0,121,0,2,2,2,0,119,119,119,119,0,2,119,2,0,0,119,0,2,119,0,0,2,0,0,0,RIDDELLS CREEK,-37.46477876,144.6721054,0,,RIDDELLS CREEK
230205,*,363,362,0,0,0,362,363,0,0,365,0,0,0,0,0,0,0,0,0,364,0,0,0,0,0,0,0,364,0,0,364,362,0,0,0,0,2,11,11,11,0,0,11,0,0,0,11,0,0,11,0,0,0,0,0,0,DEEP CREEK,-37.631372,144.8009737,0,,BULLA (D/S OF EMU CREEK JUNCT.)
230206,*,173,173,0,0,0,173,173,0,0,47,0,0,47,0,0,0,0,0,0,47,47,47,47,0,0,0,0,47,0,0,47,0,47,47,47,0,0,0,0,0,0,47,0,47,0,0,0,0,47,0,0,0,45,0,0,0,JACKSON CREEK,-37.47537048,144.5724432,0,,GISBORNE
230209,*,341,340,0,0,0,340,341,0,0,320,0,0,0,0,0,0,0,0,0,319,0,0,0,0,0,0,0,319,0,0,319,319,0,0,0,0,1,1,1,1,0,0,1,0,0,0,1,0,0,1,0,0,0,0,0,0,BARRINGO CREEK,-37.41050387,144.6260551,0,,BARRINGO (U/S OF DIVERSION)
230210,*,194,194,0,0,0,194,194,0,0,50,0,0,50,0,0,0,0,0,0,50,50,49,49,0,0,0,0,50,0,0,48,0,49,50,50,0,0,0,0,0,6,46,0,48,5,0,0,0,47,0,0,0,44,0,0,0,SALTWATER CREEK,-37.47184802,144.5243124,0,,BULLENGAROOK
230213,*,169,169,0,0,0,169,169,0,0,0,0,0,0,0,0,0,0,0,0,0,0,0,0,0,0,0,0,0,0,0,0,0,0,0,0,0,0,0,0,0,0,0,0,0,0,0,0,0,0,0,0,0,0,0,0,0,TURRITABLE CREEK,-37.41890497,144.5848096,0,,MOUNT MACEDON
230232,*,415,412,0,0,0,311,413,0,0,319,0,0,0,0,0,0,0,0,0,315,0,0,0,102,102,0,102,419,102,0,419,318,0,0,0,0,104,104,104,104,0,0,104,0,2,0,104,0,0,104,0,0,0,0,0,0,DEEP CREEK,-37.42711415,144.8167961,0,,BOLINDA
230244,*,115,109,0,0,0,0,115,0,0,0,0,0,0,0,0,0,0,0,0,0,0,0,0,115,115,0,115,115,115,0,115,0,0,0,0,0,115,115,115,115,0,0,115,0,0,0,115,0,0,115,0,0,0,0,0,0,TAYLORS CREEK AT WALKWAY DOWNSTREAM GREEN GULLY ROAD,-37.727,144.826,0,,
230245,*,123,118,0,0,0,0,123,0,0,0,0,0,0,0,0,0,0,0,0,0,0,0,0,123,123,0,123,123,123,0,123,0,0,0,0,0,123,123,123,123,0,0,123,0,0,0,123,0,0,123,0,0,0,0,0,0,JACKSONS CREEK UPSTREAM SUNBURY-RIDDELLS ROAD,-37.4926,144.683,0,,
231102,*,127,121,0,0,0,0,127,0,0,0,0,0,0,0,0,0,0,0,0,0,0,0,0,127,127,0,127,127,126,0,127,0,0,0,0,0,127,127,127,127,0,0,127,0,0,0,127,0,0,127,0,0,0,0,0,0,CHERRY DRAIN PIPELINE AT ALTONA,0,0,0,,
231200,*,270,271,0,0,0,176,270,0,0,188,0,0,0,0,0,0,0,0,0,189,0,0,0,92,92,0,92,281,92,0,281,189,0,0,0,0,92,92,92,92,0,0,92,0,0,0,92,0,0,92,0,0,0,0,0,0,WERRIBEE RIVER,-37.68101727,144.4282675,0,,BACCHUS MARSH
231203,*,161,161,0,0,0,161,161,0,0,46,0,0,46,0,0,0,0,0,0,46,46,46,46,0,0,0,0,46,0,0,44,0,46,46,46,0,0,0,0,0,0,46,0,46,0,0,0,0,46,0,0,0,43,0,0,0,PYKES CREEK,-37.61441958,144.2939186,0,,PYKES CREEK RESERVOIR
231204,*,234,231,0,0,0,234,234,0,0,228,0,0,2,0,0,0,0,0,0,229,2,2,2,0,0,0,0,228,0,0,228,225,2,2,2,0,119,140,140,140,0,2,140,2,50,0,140,0,2,140,0,0,2,0,0,0,WERRIBEE RIVER,-37.87952634,144.6455655,0,,WERRIBEE DIVERSION WEIR
231205,*,158,158,0,0,0,158,158,0,0,0,0,0,0,0,0,0,0,0,0,0,0,0,0,0,0,0,0,0,0,0,0,0,0,0,0,0,0,0,0,0,0,0,0,0,0,0,0,0,0,0,0,0,0,0,0,0,WERRIBEE RIVER,-37.74622874,144.5725944,0,,MELTON RESERVOIR (TAIL GAUGE)
231208,*,281,278,0,0,0,177,281,0,0,188,0,0,0,0,0,0,0,0,0,185,0,0,0,102,102,0,102,287,102,0,287,186,0,0,0,0,103,103,103,103,0,0,103,0,1,0,103,0,0,103,0,0,0,0,0,0,WERRIBEE RIVER,-37.82033648,144.5813459,0,,COBBLEDICK FORD
231211,*,48,48,0,0,0,48,48,0,0,0,0,0,0,0,0,0,0,0,0,0,0,0,0,0,0,0,0,0,0,0,0,0,0,0,0,0,0,0,0,0,0,0,0,0,0,0,0,0,0,0,0,0,0,0,0,0,LERDERDERG RIVER,-37.6307213,144.4272042,0,,U/S GOODMAN CREEK JUNCTION
231213,*,451,448,0,0,0,353,450,0,0,351,0,0,2,0,0,0,0,0,0,349,2,2,2,96,96,0,96,446,96,0,446,341,2,2,2,0,96,96,96,96,0,2,96,2,0,0,96,0,2,96,0,0,2,0,0,0,LERDERDERG RIVER,-37.49627398,144.3610498,0,,SARDINE CREEK O'BRIEN CROSSING
231221,*,0,0,0,0,0,0,101,0,0,0,0,101,7,0,0,0,0,0,0,0,0,0,0,0,0,0,0,100,0,0,100,100,0,0,0,0,0,0,0,0,0,0,0,0,0,0,0,0,0,0,0,0,0,0,0,0,WERRIBEE RIVER,-37.74471,144.56932,0,,MELTON RESERVOIR (HEAD GAUGE)
231222,*,0,0,0,0,0,0,109,0,0,0,0,109,7,0,0,0,0,0,0,0,0,0,0,0,0,0,0,109,0,0,109,109,0,0,0,0,0,0,0,0,0,0,0,0,0,0,0,0,0,0,0,0,0,0,0,0,PYKES CREEK,-37.61,144.295,0,,PYKES CREEK RESERVOIR (H.GAUGE)
231223,*,0,0,0,0,0,0,108,0,0,0,0,108,7,0,0,0,0,0,0,0,0,0,0,0,0,0,0,108,0,0,108,107,0,0,0,0,0,0,0,0,0,0,0,0,0,0,0,0,0,0,0,0,0,0,0,0,PYRITES CREEK,-37.63333333,144.4916667,0,,MERRIMU RESERVOIR (HEAD GAUGE)
231225,*,158,158,0,0,0,158,158,0,0,46,0,0,44,0,0,0,0,0,0,44,46,46,46,0,0,0,0,46,0,0,46,0,46,46,46,0,0,0,0,0,5,46,0,46,4,0,0,0,46,0,0,0,43,0,0,0,WERRIBEE RIVER,-37.59980544,144.2491928,0,,BALLAN (U/S OLD WESTERN HWY)
231231,*,474,471,0,0,0,357,473,0,0,363,0,1,1,0,0,0,0,0,0,363,1,1,1,114,114,0,114,476,114,0,477,360,1,1,1,0,115,115,115,115,0,0,115,0,1,0,115,0,0,115,0,0,0,0,0,0,TOOLERN CREEK,-37.72767696,144.5788391,0,,MELTON SOUTH
231234,*,225,226,0,0,0,230,228,0,0,146,0,0,0,0,0,0,0,0,0,111,0,0,0,26,26,0,26,136,26,0,136,111,0,0,0,0,26,26,26,26,0,0,26,0,0,0,26,0,0,26,0,0,0,0,0,0,PARWAN CREEK,-37.72326109,144.4150992,0,,PARWAN
232200,*,430,425,0,0,0,348,428,0,0,325,0,0,0,0,0,0,0,0,0,325,0,0,0,80,80,0,80,404,80,0,405,324,0,0,0,0,80,80,80,80,0,0,80,0,0,0,80,0,0,80,0,0,0,0,0,0,LITTLE RIVER,-37.95489355,144.4857478,0,,LITTLE RIVER
232202,*,359,359,0,0,0,356,360,0,0,364,0,0,2,0,0,0,0,0,0,363,2,2,2,0,0,0,0,363,0,0,363,356,2,2,2,0,0,0,0,0,0,2,0,2,0,0,0,0,2,0,0,0,2,0,0,0,MOORABOOL RIVER,-38.08931152,144.2782249,0,,BATESFORD
232204,*,362,363,0,0,0,360,363,0,0,366,0,0,0,0,0,0,0,0,0,365,0,0,0,0,0,0,0,366,0,0,366,358,0,0,0,0,2,2,2,2,0,0,2,0,1,0,2,0,0,2,0,0,0,0,0,0,MOORABOOL RIVER,-37.76387236,144.1066954,0,,MORRISONS
232210,*,335,335,0,0,0,337,335,0,0,336,0,0,2,0,0,0,0,0,0,330,2,2,2,0,0,0,0,330,0,0,330,324,2,2,2,0,0,0,0,0,0,2,0,2,0,0,0,0,2,0,0,0,2,0,0,0,MOORABOOL RIVER WEST BRANCH,-37.64315379,144.0421875,0,,LAL LAL
232211,*,157,157,0,0,0,157,157,0,0,0,0,0,0,0,0,0,0,0,0,0,0,0,0,0,0,0,0,0,0,0,0,0,0,0,0,0,0,0,0,0,0,0,0,0,0,0,0,0,0,0,0,0,0,0,0,0,MOORABOOL RIVER WEST BRANCH,-37.71138352,144.0941083,0,,MOUNT DORAN
233200,*,360,359,0,0,0,359,361,0,0,368,0,0,2,0,0,0,0,0,0,367,2,2,2,0,0,0,0,367,0,0,367,363,2,2,2,0,0,0,0,0,0,2,0,2,0,0,0,0,2,0,0,0,2,0,0,0,BARWON RIVER,-38.14339597,144.1871004,0,,POLLOCKSFORD
233201,*,175,175,0,0,0,173,175,0,0,185,0,0,0,0,0,0,0,0,0,184,0,0,0,0,0,0,0,184,0,0,184,184,0,0,0,0,1,1,1,1,0,0,1,0,1,0,1,0,0,1,0,0,0,0,0,0,BARWON RIVER,-38.23945,143.98842,0,,WINCHELSEA
233211,*,264,264,0,0,0,275,261,0,0,187,0,0,0,0,0,0,0,0,0,176,0,0,0,0,0,0,0,176,0,0,176,176,0,0,0,0,1,1,1,1,0,0,1,0,0,0,1,0,0,1,0,0,0,0,0,0,BIRREGURRA CREEK,-38.29604249,143.838326,0,,RICKETTS MARSH
233214,*,361,361,0,0,0,359,361,0,0,366,0,0,0,0,0,0,0,0,0,366,0,0,0,0,0,0,0,364,0,0,365,365,0,0,0,0,0,0,0,0,0,0,0,0,0,0,0,0,0,0,0,0,0,0,0,0,BARWON RIVER EAST BRANCH,-38.53298808,143.7292796,0,,FORREST
233215,*,364,363,0,0,0,362,363,0,0,367,0,0,2,0,0,0,0,0,0,366,2,2,2,0,0,0,0,365,0,0,365,362,2,2,2,0,0,0,0,0,0,2,0,2,0,0,0,0,2,0,0,0,2,0,0,0,LEIGH RIVER,-37.81068186,143.9184477,0,,MOUNT MERCER
233217,*,177,177,0,0,0,175,177,0,0,192,0,0,0,0,0,0,0,0,0,191,0,0,0,0,0,0,0,190,1,0,190,191,0,0,0,0,0,0,0,0,0,0,0,0,0,0,0,0,0,0,0,0,0,0,0,0,BARWON RIVER,-38.16360559,144.3468922,0,,GEELONG
233218,*,364,363,0,0,0,362,365,0,0,365,0,0,0,0,0,0,0,0,0,364,0,0,0,0,0,0,0,364,0,0,364,363,0,0,0,0,1,1,1,1,0,0,1,0,1,0,1,0,0,1,0,0,0,0,0,0,BARWON RIVER,-38.14925264,143.9903598,0,,INVERLEIGH
233223,*,153,153,0,0,0,153,153,0,0,39,0,0,38,0,0,0,0,0,0,39,39,39,39,0,0,0,0,39,0,0,39,0,39,39,39,0,0,0,0,0,4,39,0,39,4,0,0,0,39,0,0,0,36,0,0,0,WARRAMBINE CREEK,-37.928637,143.8663116,0,,WARRAMBINE
233224,*,349,350,0,0,0,348,350,0,0,327,0,0,0,0,0,0,0,0,0,312,0,0,0,0,0,0,0,327,0,0,327,327,0,0,0,0,250,268,268,268,0,0,268,0,185,0,268,0,0,268,0,0,0,0,0,0,BARWON RIVER,-38.32521467,143.8335511,0,,RICKETTS MARSH
233228,*,353,353,0,0,0,353,353,0,0,316,0,0,0,0,0,0,0,0,0,302,0,0,0,0,0,0,0,302,0,0,302,302,0,0,0,0,0,0,0,0,0,0,0,0,0,0,0,0,0,0,0,0,0,0,0,0,BOUNDARY CREEK,-38.42125009,143.7109799,0,,YEODENE
233247,*,174,174,0,0,0,172,174,0,0,185,0,0,0,0,0,0,0,0,0,185,0,0,0,0,0,0,0,185,0,0,185,185,0,0,0,0,1,1,1,1,0,0,1,0,1,0,1,0,0,1,0,0,0,0,0,0,BARWON RIVER,-38.29928,143.9375,0,,KILDEAN LANE
233600,*,182,181,0,0,0,165,177,0,0,72,0,0,0,0,0,0,0,0,0,12,0,0,0,0,0,0,0,13,0,0,13,13,0,0,0,0,0,0,0,0,0,0,0,0,0,0,0,0,0,0,0,0,0,9,0,0,LAKE MURDEDUKE,-38.18238647,143.9178742,0,,
234200,*,165,165,0,0,0,165,165,0,0,46,0,0,46,0,0,0,0,0,0,46,46,46,46,0,0,0,0,45,0,0,46,0,46,45,46,0,0,0,0,0,6,45,0,45,5,0,0,0,46,0,0,0,44,0,0,0,WOADY YALOAK RIVER,-37.808599,143.58558,0,,PITFIELD
234201,*,361,361,0,0,0,359,360,0,0,365,0,0,0,0,0,0,0,0,0,364,0,0,0,0,0,0,0,364,0,0,364,361,0,0,0,0,1,1,1,1,0,0,1,0,1,0,1,0,0,1,0,0,0,0,0,0,WOADY YALOAK RIVER,-38.01187153,143.6426602,0,,CRESSY (YARIMA)
234203,*,335,335,0,0,0,334,333,0,0,323,0,0,2,0,0,0,0,0,0,308,2,2,2,0,0,0,0,308,0,0,308,305,2,2,2,0,0,0,0,0,0,2,0,2,0,0,0,0,2,0,0,0,2,0,0,0,PIRRON YALLOCK CREEK,-38.35389484,143.4194302,0,,PIRRON YALLOCK (ABOVE H'WY BR.)
234205,*,121,121,0,0,0,120,121,0,0,58,0,0,0,0,0,0,0,0,0,0,0,0,0,0,0,0,0,0,0,0,0,0,0,0,0,0,0,0,0,0,0,0,0,0,0,0,0,0,0,0,0,0,0,0,0,0,NO. 1 WATERWAY,-38.11279941,143.3184088,0,,LAKE TERANGPOM
234603,*,161,161,0,0,0,160,160,0,0,59,0,0,0,0,0,0,0,0,0,0,0,0,0,0,0,0,0,0,0,0,0,0,0,0,0,0,0,0,0,0,0,0,0,0,0,0,0,0,0,0,0,0,0,0,0,0,LAKE CORANGAMITE,-38.22459,143.41622,0,,WOOL WOOL
234605,*,130,131,0,0,0,115,128,0,0,70,0,0,0,0,0,0,0,0,0,11,0,0,0,0,0,0,0,12,0,0,12,12,0,0,0,0,0,0,0,0,0,0,0,0,0,0,0,0,0,0,0,0,0,9,0,0,LAKE GNARPURT,-38.07060697,143.4195475,0,,GNARPURT
234606,*,145,146,0,0,0,146,146,0,0,59,0,0,0,0,0,0,0,0,0,0,0,0,0,0,0,0,0,0,0,0,0,0,0,0,0,0,0,0,0,0,0,0,0,0,0,0,0,0,0,0,0,0,0,0,0,0,LAKE COLONGULAC,-38.19832665,143.1501263,0,,CAMPERDOWN
234607,*,187,174,0,0,0,173,187,0,0,67,0,0,0,0,0,0,0,0,0,8,0,0,0,0,0,0,0,8,0,0,8,7,0,0,0,0,0,0,0,0,0,0,0,0,0,0,0,0,0,0,0,0,0,8,0,0,LAKE GNOTUK,-38.2287229,143.0997638,0,,CAMPERDOWN
234608,*,189,175,0,0,0,174,188,0,0,67,0,0,0,0,0,0,0,0,0,8,0,0,0,0,0,0,0,8,0,0,8,7,0,0,0,0,0,0,0,0,0,0,0,0,0,0,0,0,0,0,0,0,0,32,0,0,LAKE BULLEM MERRI,-38.26084242,143.0985283,0,,CAMPERDOWN (SOUTH END)
234609,*,151,151,0,0,0,150,151,0,0,59,0,0,0,0,0,0,0,0,0,0,0,0,0,0,0,0,0,0,0,0,0,0,0,0,0,0,0,0,0,0,0,0,0,0,0,0,0,0,0,0,0,0,0,0,0,0,LAKE TOOLIOROOK,-37.97801384,143.284288,0,,LISMORE
234610,*,125,125,0,0,0,124,124,0,0,59,0,0,0,0,0,0,0,0,0,0,0,0,0,0,0,0,0,0,0,0,0,0,0,0,0,0,0,0,0,0,0,0,0,0,0,0,0,0,0,0,0,0,0,0,0,0,LAKE BOOKAR,-38.14164518,143.1054684,0,,CAMPERDOWN
234611,*,113,114,0,0,0,113,114,0,0,59,0,0,0,0,0,0,0,0,0,0,0,0,0,0,0,0,0,0,0,0,0,0,0,0,0,0,0,0,0,0,0,0,0,0,0,0,0,0,0,0,0,0,0,0,0,0,LAKE KARIAH,-38.17123599,143.21381,0,,CAMPERDOWN
235202,*,362,362,0,0,0,360,362,0,0,369,0,0,0,0,0,0,0,0,0,369,0,0,0,0,0,0,0,367,0,0,369,367,0,0,0,0,0,0,0,0,0,0,0,0,0,0,0,0,0,0,0,0,0,0,0,0,GELLIBRAND RIVER,-38.56284937,143.6563482,0,,UPPER GELLIBRAND
235203,*,363,363,0,0,0,361,363,0,0,367,0,0,0,0,0,0,0,0,0,366,0,0,0,0,0,0,0,366,0,0,366,365,0,0,0,0,0,0,0,0,0,0,0,0,0,0,0,0,0,0,0,0,0,0,0,0,CURDIES RIVER,-38.44498055,142.9601945,0,,CURDIE
235204,*,346,346,0,0,0,343,346,0,0,60,0,0,0,0,0,0,0,0,0,1,0,0,0,0,0,0,0,1,0,0,1,1,0,0,0,0,0,0,0,0,0,0,0,0,0,0,0,0,0,0,0,0,0,0,0,0,LITTLE AIRE CREEK,-38.6548305,143.5291815,0,,BEECH FOREST
235205,*,350,350,0,0,0,348,350,0,0,325,0,0,0,0,0,0,0,0,0,323,0,0,0,0,0,0,0,323,0,0,323,321,0,0,0,0,0,0,0,0,0,0,0,0,0,0,0,0,0,0,0,0,0,0,0,0,ARKINS CREEK WEST BRANCH,-38.63955922,143.4431397,0,,WYELANGTA
235209,*,351,351,0,0,0,349,351,0,0,326,0,0,0,0,0,0,0,0,0,324,0,0,0,0,0,0,0,324,0,0,324,324,0,0,0,0,0,0,0,0,0,0,0,0,0,0,0,0,0,0,0,0,0,0,0,0,AIRE RIVER,-38.66849499,143.5812749,0,,BEECH FOREST
235211,*,362,362,0,0,0,360,362,0,0,363,0,0,0,0,0,0,0,0,0,361,0,0,0,0,0,0,0,361,0,0,361,361,0,0,0,0,0,0,0,0,0,0,0,0,0,0,0,0,0,0,0,0,0,0,0,0,KENNEDYS CREEK,-38.58909395,143.2565402,0,,KENNEDYS CREEK
235216,*,348,348,0,0,0,346,348,0,0,330,0,0,1,0,0,0,0,0,0,329,1,1,1,0,0,0,0,329,0,0,329,328,1,1,1,0,1,1,1,1,0,0,1,0,1,0,1,0,0,1,0,0,0,0,0,0,CUMBERLAND RIVER,-38.57254132,143.9471886,0,,LORNE
235224,*,362,362,0,0,0,360,362,0,0,364,0,0,2,0,0,0,0,0,0,362,2,2,2,0,0,0,0,362,0,0,362,360,2,2,2,0,1,1,1,1,0,2,1,2,1,0,1,0,2,1,0,0,2,0,0,0,GELLIBRAND RIVER,-38.70152297,143.2482161,0,,BURRUPA
235227,*,361,361,0,0,0,360,362,0,0,362,0,0,2,0,0,0,0,0,0,360,2,2,2,0,0,0,0,360,0,0,360,358,2,2,2,0,0,0,0,0,0,2,0,2,0,0,0,0,2,0,0,0,2,0,0,0,GELLIBRAND RIVER,-38.5241,143.4829,0,,BUNKERS HILL
235233,*,156,156,0,0,0,156,156,0,0,0,0,0,0,0,0,0,0,0,0,0,0,0,0,0,0,0,0,0,0,0,0,0,0,0,0,0,0,0,0,0,0,0,0,0,0,0,0,0,0,0,0,0,0,0,0,0,BARHAM RIVER EAST BRANCH,-38.75502396,143.6249731,0,,APOLLO BAY PARADISE
235234,*,350,350,0,0,0,348,350,0,0,325,0,0,0,0,0,0,0,0,0,323,0,0,0,0,0,0,0,323,0,0,323,323,0,0,0,0,1,2,2,2,0,0,2,0,1,0,2,0,0,2,0,0,0,0,0,0,LOVE CREEK,-38.48316225,143.5717924,0,,GELLIBRAND
235237,*,360,360,0,0,0,360,360,0,0,365,0,0,0,0,0,0,0,0,0,364,0,0,0,0,0,0,0,365,0,0,365,365,0,0,0,0,0,0,0,0,0,0,0,0,0,0,0,0,0,0,0,0,0,0,0,0,SCOTTS CREEK,-38.44770604,142.9888108,0,,CURDIE (DIGNEYS BRIDGE)
235600,*,1,1,0,0,0,1,1,0,0,1,0,0,0,0,0,0,0,0,0,0,0,0,0,0,0,0,0,0,0,0,0,0,0,0,0,0,0,0,0,0,0,0,0,0,0,0,0,0,0,0,0,0,0,0,0,0,LAKE PURRUMBETE,-38.292539,143.220358,0,,CAMPERDOWN
236202,*,266,266,0,0,0,266,266,0,0,99,0,0,0,0,0,0,0,0,0,99,0,0,0,0,0,0,0,98,0,0,99,99,0,0,0,0,0,0,0,0,0,0,0,0,0,0,0,0,0,0,0,0,0,0,0,0,HOPKINS RIVER,-37.69542079,142.7245119,0,,WICKLIFFE
236203,*,259,259,0,0,0,259,259,0,0,99,0,0,0,0,0,0,0,0,0,99,0,0,0,0,0,0,0,99,0,0,99,99,0,0,0,0,0,0,0,0,0,0,0,0,0,0,0,0,0,0,0,0,0,0,0,0,MOUNT EMU CREEK,-37.68769856,143.3600674,0,,SKIPTON
236204,*,265,265,0,0,0,265,265,0,0,99,0,0,0,0,0,0,0,0,0,99,0,0,0,0,0,0,0,99,0,0,99,98,0,0,0,0,0,0,0,0,0,0,0,0,0,0,0,0,0,0,0,0,0,0,0,0,FIERY CREEK,-37.68052,143.0657,0,,STREATHAM
236205,*,164,164,0,0,0,147,164,0,0,174,0,0,2,0,0,0,0,0,0,172,2,2,2,0,0,0,0,172,1,0,172,171,2,2,2,0,0,0,0,0,0,2,0,2,0,0,0,0,2,0,0,0,2,0,0,0,MERRI RIVER,-38.31688258,142.4830797,0,,WOODFORD
236209,*,362,362,0,0,0,345,363,0,0,370,0,0,2,0,0,0,0,0,0,357,2,2,2,0,0,0,0,369,0,0,369,365,2,2,2,0,260,280,280,280,0,2,280,2,191,0,280,0,2,280,0,0,2,0,0,0,HOPKINS RIVER,-38.33543732,142.6251911,0,,HOPKINS FALLS
236210,*,164,164,0,0,0,165,164,0,0,0,0,0,0,0,0,0,0,0,0,0,0,0,0,0,0,0,0,0,0,0,0,0,0,0,0,0,0,3,3,3,0,0,3,0,0,0,3,0,0,3,0,0,0,0,0,0,HOPKINS RIVER,-38.24379422,142.7030202,0,,FRAMLINGHAM
236212,*,169,169,0,0,0,169,169,0,0,49,0,0,48,0,0,0,0,0,0,48,48,49,49,0,0,0,0,48,0,0,48,0,48,49,49,0,0,0,0,0,0,46,0,46,0,0,0,0,47,0,0,0,43,0,0,0,BRUCKNELL CREEK,-38.34596771,142.6519163,0,,CUDGEE
236215,*,347,348,0,0,0,345,348,0,0,328,0,0,0,0,0,0,0,0,0,327,0,0,0,0,0,0,0,327,0,0,326,326,0,0,0,0,0,0,0,0,0,0,0,0,0,0,0,0,0,0,0,0,0,0,0,0,BURRUMBEET CREEK,-37.52452,143.67555,0,,LAKE BURRUMBEET
236216,*,349,348,0,0,0,332,350,0,0,329,0,0,189,140,140,140,0,0,0,327,189,189,189,0,0,0,0,327,0,0,327,323,189,189,189,0,261,281,281,281,0,0,281,0,191,0,281,0,0,281,14,14,0,0,0,0,MOUNT EMU CREEK,-38.30559215,142.8812902,0,,TAROON (AYRFORD ROAD BRIDGE)
236600,*,124,124,0,0,0,126,176,0,0,58,112,53,0,0,0,0,0,0,0,0,0,0,0,1,0,0,0,0,0,53,1,0,0,0,0,0,0,0,0,0,0,0,0,0,0,0,0,0,0,0,0,0,0,0,0,0,LAKE BOLAC,-37.74724344,142.8646101,0,,LAKE BOLAC
236602,*,90,90,0,0,0,86,142,0,0,35,112,53,0,0,0,0,0,0,0,0,0,0,0,1,0,0,0,0,0,53,1,0,0,0,0,0,0,0,0,0,0,0,0,0,0,0,0,0,0,0,0,0,0,0,0,0,LAKE BURRUMBEET,-37.49063,143.66869,0,,BURRUMBEET
236603,*,113,113,0,0,0,113,126,0,0,59,54,13,0,0,0,0,0,0,0,0,0,0,0,0,0,0,0,0,0,14,0,0,0,0,0,0,0,0,0,0,0,0,0,0,0,0,0,0,0,0,0,0,0,0,0,0,LAKE GOLDSMITH,-37.55924263,143.3612826,0,,BEAUFORT
236606,*,138,138,0,0,0,134,190,0,0,59,96,53,0,0,0,0,0,0,0,0,0,0,0,2,1,0,0,67,3,52,72,52,0,0,0,0,0,0,0,0,0,0,0,0,0,0,0,0,0,0,0,0,0,0,0,0,LAKE BUNINJON,-37.47988,142.79376,0,,CALVERT
236610,*,137,137,0,0,0,134,177,0,0,59,39,39,0,0,0,0,0,0,0,0,0,0,0,1,0,0,0,0,0,40,1,0,0,0,0,0,0,0,0,0,0,0,0,0,0,0,0,0,0,0,0,0,0,0,0,0,CHINAMAN SWAMP,-37.69131,143.00925,0,,WESTMERE
236611,*,158,156,0,0,0,154,202,0,0,59,44,43,0,0,0,0,0,0,0,0,0,0,0,2,1,0,0,70,3,42,71,49,0,0,0,0,0,0,0,0,0,0,0,0,0,0,0,0,0,0,0,0,0,0,0,0,MYUNA LANE SWAMP,-37.81508334,142.7641672,0,,WOORNDOO
237200,*,362,362,0,0,0,345,362,0,0,370,0,0,2,0,0,0,0,0,0,368,2,2,2,0,0,0,0,367,0,0,368,366,2,2,2,0,0,1,1,1,0,2,1,2,0,0,1,0,2,1,0,0,2,0,0,0,MOYNE RIVER,-38.31991057,142.2264285,0,,TOOLONG
237205,*,265,265,0,0,0,265,265,0,0,100,0,0,0,0,0,0,0,0,0,100,0,0,0,0,0,0,0,100,0,0,100,97,0,0,0,0,0,0,0,0,0,0,0,0,0,0,0,0,0,0,0,0,0,0,0,0,DARLOT CREEK,-38.150428,141.769572,0,,HOMERTON BRIDGE
237206,*,171,171,0,0,0,171,171,0,0,49,0,0,49,0,0,0,0,0,0,49,49,49,49,0,0,0,0,48,0,0,48,0,48,49,49,0,0,0,0,0,0,44,0,45,0,0,0,0,47,0,0,0,44,0,0,0,EUMERALLA RIVER,-38.25747149,141.9443629,0,,CODRINGTON
237207,*,363,363,0,0,0,360,363,0,0,366,0,0,0,0,0,0,0,0,0,366,0,0,0,0,0,0,0,366,0,0,366,364,0,0,0,0,0,0,0,0,0,0,0,0,0,0,0,0,0,0,0,0,0,0,0,0,SURRY RIVER,-38.24343647,141.6632149,0,,HEATHMERE
238202,*,363,363,0,0,0,345,363,0,0,369,0,0,2,0,0,0,0,0,0,357,2,2,2,0,0,0,0,369,0,0,369,366,2,2,2,0,259,278,278,278,0,2,278,2,192,0,278,0,2,278,0,0,2,0,0,0,GLENELG RIVER,-37.61903001,141.4290873,0,,SANDFORD
238204,*,335,334,0,0,0,337,335,0,0,319,0,0,2,0,0,0,0,0,0,303,2,2,2,0,0,0,0,303,0,0,303,301,2,2,2,0,1,1,1,1,0,2,1,2,1,0,1,0,2,1,0,0,2,0,0,0,WANNON RIVER,-37.63108,142.33607,0,,DUNKELD
238205,*,347,347,0,0,0,348,348,0,0,59,0,0,0,0,0,0,0,0,0,0,0,0,0,0,0,0,0,0,0,0,0,0,0,0,0,0,0,0,0,0,0,0,0,0,0,0,0,0,0,0,0,0,0,0,0,0,GLENELG RIVER,-37.2364096,141.9537631,0,,ROCKLANDS RESERVOIR
238206,*,361,361,0,0,0,358,361,0,0,372,0,0,2,0,0,0,0,0,0,372,2,2,2,0,0,0,0,372,0,0,372,368,2,2,2,0,0,0,0,0,0,2,0,2,0,0,0,0,2,0,0,0,2,0,0,0,GLENELG RIVER,-37.92471219,141.2812064,0,,DARTMOOR
238207,*,189,189,0,0,0,189,189,0,0,0,0,0,0,0,0,0,0,0,0,0,0,0,0,0,0,0,0,0,0,0,0,0,0,0,0,0,0,0,0,0,0,0,0,0,0,0,0,0,0,0,0,0,0,0,0,0,WANNON RIVER,-37.37146,142.50302,0,,JIMMY CREEK
238208,*,352,350,0,0,0,348,352,0,0,331,0,0,0,0,0,0,0,0,0,329,0,0,0,0,0,0,0,329,0,0,329,330,0,0,0,0,1,1,1,1,0,0,1,0,1,0,1,0,0,1,0,0,0,0,0,0,JIMMY CREEK,-37.37282,142.5083,0,,JIMMY CREEK
238210,*,0,0,0,0,0,0,0,0,0,1,0,0,0,0,0,0,0,0,0,1,0,0,0,0,0,0,0,1,0,0,1,1,0,0,0,0,0,0,0,0,0,0,0,0,0,0,0,0,0,0,0,0,0,0,0,0,GLENELG RIVER,-37.170771,141.589857,0,,HARROW
238212,*,180,180,0,0,0,162,180,0,0,196,0,0,0,0,0,0,0,0,0,195,0,0,0,0,0,0,0,195,0,0,195,195,0,0,0,0,0,3,3,3,0,0,3,0,0,0,3,0,0,3,0,0,0,0,0,0,GLENELG RIVER,-37.58242592,141.4089437,0,,CASTERTON
238218,*,287,287,0,0,0,287,287,0,0,99,0,0,0,0,0,0,0,0,0,99,0,0,0,0,0,0,0,99,0,0,99,99,0,0,0,0,0,0,0,0,0,0,0,0,0,0,0,0,0,0,0,0,0,0,0,0,WANNON RIVER,-37.67396787,141.8406916,0,,WANNON FALLS
238219,*,161,161,0,0,0,161,161,0,0,0,0,0,0,0,0,0,0,0,0,0,0,0,0,0,0,0,0,0,0,0,0,0,0,0,0,0,0,0,0,0,0,0,0,0,0,0,0,0,0,0,0,0,0,0,0,0,GRANGE BURN,-37.70876208,141.8325532,0,,MORGIANA
238220,*,94,94,0,0,0,94,94,0,0,0,0,0,0,0,0,0,0,0,0,0,0,0,0,0,0,0,0,0,0,0,0,0,0,0,0,0,0,0,0,0,0,0,0,0,0,0,0,0,0,0,0,0,0,0,0,0,DUNDAS RIVER,-37.52530192,142.0036584,0,,CAVENDISH
238223,*,364,364,0,0,0,346,364,0,0,367,0,0,0,0,0,0,0,0,0,366,0,0,0,0,0,0,0,366,0,0,366,362,0,0,0,0,0,0,0,0,0,0,0,0,0,0,0,0,0,0,0,0,0,0,0,0,WANDO RIVER,-37.49595322,141.4259612,0,,WANDO VALE
238224,*,128,128,0,0,0,110,128,0,0,142,0,0,0,0,0,0,0,0,0,141,0,0,0,0,0,0,0,140,0,0,140,141,0,0,0,0,0,0,0,0,0,0,0,0,0,0,0,0,0,0,0,0,0,0,0,0,GLENELG R,-37.147871,141.850248,0,,FULHAM BRIDGE
238228,*,360,360,0,0,0,342,360,0,0,366,0,0,0,0,0,0,0,0,0,353,0,0,0,0,0,0,0,366,0,0,366,366,0,0,0,0,258,277,277,277,0,0,277,0,190,0,277,0,0,277,0,0,0,0,0,0,WANNON RIVER,-37.645127,141.5056148,0,,HENTY
238231,*,353,352,0,0,0,350,353,0,0,362,0,0,2,0,0,0,0,0,0,360,2,2,2,0,0,0,0,360,0,0,360,356,2,2,2,0,0,0,0,0,0,2,0,2,0,0,0,0,2,0,0,0,2,0,0,0,GLENELG RIVER,-37.31227,142.36721,0,,BIG CORD
238236,*,0,0,0,0,0,4,179,0,0,0,0,179,7,0,0,0,0,0,0,0,0,0,0,0,0,0,70,180,0,0,180,176,0,0,0,0,0,0,0,0,0,0,0,0,0,0,0,0,0,0,0,0,0,0,0,0,GLENELG RIVER,-37.2345,141.959,0,,ROCKLANDS RESERVOIR (HEAD GAUGE)
238237,*,0,0,0,0,0,4,59,0,0,0,0,59,0,0,0,0,0,0,0,0,0,0,0,0,0,0,55,59,1,0,59,59,0,0,0,0,0,0,0,0,0,0,0,0,0,0,0,0,0,0,0,0,0,0,0,0,MOORA MOORA CREEK,-37.22073,142.41053,0,,MOORA MOORA RESERVOIR (H. GAUGE)
238600,*,128,128,0,0,0,124,180,0,0,58,111,53,0,0,0,0,0,0,0,0,0,0,0,2,1,0,0,60,5,53,61,49,0,0,0,0,0,0,0,0,0,0,0,0,0,0,0,0,0,0,0,0,0,0,0,0,LAKE LINLITHGOW,-37.76773756,142.2140948,0,,PENHURST
238601,*,136,136,0,0,0,133,136,0,0,59,0,0,0,0,0,0,0,0,0,0,0,0,0,0,0,0,0,0,0,0,0,0,0,0,0,0,0,0,0,0,0,0,0,0,0,0,0,0,0,0,0,0,0,0,0,0,BRADY SWAMP,-37.60698303,142.452713,0,,GLENTHOMPSON
238604,*,137,137,0,0,0,133,161,0,0,59,24,23,0,0,0,0,0,0,0,0,0,0,0,0,0,0,0,0,0,24,0,0,0,0,0,0,0,0,0,0,0,0,0,0,0,0,0,0,0,0,0,0,0,0,0,0,BRYANS SWAMP,-37.57151292,142.2602161,0,,VICTORIA VALLEY
239201,*,41,41,0,0,0,42,41,0,0,17,0,0,0,0,0,0,0,0,0,0,0,0,0,0,0,0,0,0,0,0,0,0,0,0,0,0,0,0,0,0,0,0,0,0,0,0,0,0,0,0,0,0,0,0,0,0,LAKE CHARLEGRARK (HEAD GAUGE),-36.76636291,141.2366441,0,,BOOROOPKI
401201,*,1558,982,0,0,0,1549,2325,0,0,964,0,409,187,0,0,0,0,0,0,0,186,187,187,0,0,0,0,1575,74,0,1575,1568,186,186,183,0,0,0,0,0,0,0,0,0,0,0,0,0,1576,0,0,0,0,964,0,0,MURRAY RIVER,-35.931414,147.7115,0,,JINGELLIC
401203,*,361,362,0,0,0,360,359,0,0,368,0,0,2,0,0,0,0,0,0,368,2,2,2,0,0,0,0,369,0,0,370,364,2,2,2,0,8,8,8,8,0,2,8,2,8,0,8,0,2,8,0,0,2,0,0,0,MITTA MITTA RIVER,-36.94595897,147.6056955,0,,HINNOMUNJIE
401204,*,1561,1360,0,0,0,1554,1944,0,0,1013,0,166,186,0,0,0,0,0,0,4,186,186,610,0,0,0,0,1626,77,0,1626,1614,186,186,183,0,1,1,1,1,0,135,1,70,1,1,1,1,1626,1,0,0,0,961,0,0,MITTA MITTA RIVER,-36.40752232,147.2312238,0,,TALLANDOON
401210,*,136,136,0,0,0,137,188,0,0,52,0,52,0,0,0,0,0,0,0,3,0,0,0,0,0,0,0,52,0,0,52,49,0,0,0,0,1,1,1,1,0,52,1,52,1,1,1,1,52,1,0,0,0,0,0,0,SNOWY CREEK,-36.56852733,147.4133807,0,,BELOW GRANITE FLAT
401211,*,361,361,0,0,0,361,577,0,0,415,0,211,0,0,0,0,0,0,0,315,0,0,0,1,1,0,0,415,17,0,417,411,0,0,0,0,2,2,2,2,0,240,2,241,1,2,2,2,243,2,0,0,0,1,0,0,MITTA MITTA RIVER,-36.53122801,147.4565577,0,,COLEMANS
401212,*,350,350,0,0,0,348,350,0,0,329,0,1,0,0,0,0,0,0,0,328,0,0,0,0,0,0,0,328,0,0,328,327,0,0,0,0,0,0,0,0,0,1,0,1,0,0,0,0,1,0,0,0,0,0,0,0,NARIEL CREEK,-36.44500012,147.8294929,0,,UPPER NARIEL
401215,*,344,346,0,0,0,345,359,0,0,214,0,1,0,0,0,0,0,0,0,214,0,0,0,0,0,0,7,214,0,0,214,214,0,0,0,0,5,5,5,5,0,0,5,0,5,0,5,0,0,5,0,0,0,0,0,0,MORASS CREEK,-36.86621971,147.7035132,0,,UPLANDS
401216,*,360,362,0,0,0,358,361,0,0,359,0,0,0,0,0,0,0,0,0,358,0,0,0,0,0,0,0,359,0,0,359,355,0,0,0,0,4,4,4,4,0,0,4,0,4,0,4,0,0,4,0,0,0,0,0,0,BIG RIVER,-36.93271871,147.4721913,0,,JOKERS CREEK
401224,*,0,0,0,0,0,0,48,0,0,0,0,48,0,0,0,0,0,0,0,0,0,0,0,0,0,0,48,48,0,0,48,46,0,0,0,0,0,0,0,0,0,0,0,0,0,0,0,0,0,0,0,0,0,0,0,0,MITTA MITTA RIVER,-36.55709641,147.5296224,0,,LAKE DARTMOUTH (HEAD GAUGE)
401226,*,361,362,0,0,0,360,375,0,0,367,0,1,0,0,0,0,0,0,0,367,0,0,0,0,0,0,7,367,0,0,367,362,0,0,0,0,5,5,5,5,0,0,5,0,5,0,5,0,0,5,0,0,0,0,0,0,VICTORIA RIVER,-37.08802787,147.4579293,0,,VICTORIA FALLS
402203,*,352,353,0,0,0,351,351,0,0,360,0,1,2,0,0,0,0,0,0,360,2,2,2,0,0,0,0,359,0,0,360,355,2,2,2,0,0,0,0,0,0,3,0,3,0,0,0,0,3,0,0,0,2,0,0,0,KIEWA RIVER,-36.59537238,147.1003626,0,,MONGANS BRIDGE
402204,*,354,354,0,0,0,352,354,0,0,360,0,0,2,0,0,0,0,0,0,361,2,2,2,0,0,0,0,361,0,0,361,358,2,2,2,0,0,0,0,0,0,2,0,2,0,0,0,0,2,0,0,0,2,0,0,0,YACKANDANDAH CREEK,-36.30457397,146.9068279,0,,OSBORNES FLAT
402205,*,1267,1132,0,0,0,1264,1784,0,0,717,0,258,172,0,0,0,0,0,0,21,172,172,172,0,0,0,0,1281,17,0,1281,1278,172,172,169,0,0,0,0,0,0,0,0,0,0,0,0,0,1260,0,0,0,0,698,0,0,KIEWA RIVER,-36.1377051,146.9541519,0,,BANDIANA
402213,*,26,26,0,0,0,26,26,0,0,0,0,0,0,0,0,0,0,0,0,0,0,0,0,0,0,0,0,0,0,0,0,0,0,0,0,0,0,0,0,0,0,0,0,0,0,0,0,0,0,0,0,0,0,0,0,0,KINCHINGTON CREEK,-36.31617534,146.8941925,0,,OSBORNES FLAT
402222,*,354,354,0,0,0,352,354,0,0,363,0,0,2,0,0,0,0,0,0,363,2,2,2,1,1,0,0,363,1,0,363,359,2,2,2,0,0,0,0,0,0,2,0,2,0,0,0,0,2,0,0,0,2,0,0,0,KIEWA RIVER,-36.25354477,147.0204923,0,,KIEWA (MAIN STREAM)
402223,*,340,340,0,0,0,338,339,0,0,318,0,0,0,0,0,0,0,0,0,316,0,0,0,0,0,0,0,315,0,0,316,316,0,0,0,0,0,0,0,0,0,0,0,0,0,0,0,0,0,0,0,0,0,0,0,0,KIEWA RIVER WEST BRANCH,-36.79134421,147.1600333,0,,U/S OF OFFTAKE
403200,*,202,202,0,0,0,202,202,0,0,49,0,0,48,0,0,0,0,0,0,49,48,49,49,0,0,0,0,48,0,0,48,0,48,49,49,0,0,0,0,0,1,47,0,47,1,0,0,0,48,0,0,0,47,0,0,0,OVENS RIVER,-36.35066081,146.3209358,0,,WANGARATTA
403205,*,363,363,0,0,0,360,363,0,0,366,0,1,3,0,0,0,0,0,0,353,3,3,3,0,0,0,0,366,0,0,366,362,3,3,3,0,256,276,276,276,0,2,276,2,189,0,276,0,2,276,0,0,2,0,0,0,OVENS RIVERS,-36.72564366,146.9525954,0,,BRIGHT
403209,*,198,198,0,0,0,198,198,0,0,49,0,0,49,0,0,0,0,0,0,49,49,49,49,0,0,0,0,49,0,0,48,0,48,48,49,0,0,0,0,0,2,47,0,47,2,0,0,0,48,0,0,0,47,0,0,0,REEDY CREEK,-36.33212192,146.3445061,0,,WANGARATTA NORTH
403210,*,362,362,0,0,0,360,360,0,0,362,0,0,1,1,1,1,0,0,0,362,1,1,1,0,0,0,0,363,0,0,363,362,1,1,1,0,0,0,0,0,0,0,0,0,0,0,0,0,0,0,0,0,0,0,0,0,OVENS RIVER,-36.5712181,146.7179057,0,,MYRTLEFORD
403213,*,333,333,0,0,0,335,336,0,0,314,0,2,0,0,0,0,0,0,0,312,0,0,0,0,0,0,0,314,0,0,313,313,0,0,0,0,1,1,1,1,0,2,1,2,1,0,1,0,2,1,0,0,0,0,0,0,FIFTEEN MILE CREEK,-36.61945775,146.2440721,0,,GRETA SOUTH
403217,*,132,132,0,0,0,130,133,0,0,134,0,1,0,0,0,0,0,0,0,134,0,0,0,0,0,0,0,134,0,0,135,135,0,0,0,0,0,0,0,0,0,1,0,1,0,0,0,0,1,0,0,0,0,0,0,0,ROSE RIVER,-36.82063834,146.5823969,0,,MATONG NORTH
403218,*,178,178,0,0,0,178,177,0,0,24,0,0,0,0,0,0,0,0,0,24,0,0,0,0,0,0,0,23,0,0,23,23,0,0,0,0,0,0,0,0,0,0,0,0,0,0,0,0,0,0,0,0,24,0,0,0,DANDONGADALE RIVER,-36.80542153,146.6314464,0,,MATONG NORTH
403221,*,181,181,0,0,0,181,181,0,0,45,0,0,45,0,0,0,0,0,0,45,45,45,45,0,0,0,0,45,0,0,45,0,45,45,45,0,0,0,0,0,0,45,0,45,0,0,0,0,45,0,0,0,45,0,0,0,REEDY CREEK,-36.31093197,146.601172,0,,WOOLSHED
403222,*,203,203,0,0,0,203,203,0,0,24,0,0,0,0,0,0,0,0,0,24,0,0,0,0,0,0,0,24,0,0,24,24,0,0,0,0,0,0,0,0,0,0,0,0,0,0,0,0,0,0,0,0,23,0,0,0,BUFFALO RIVER,-36.91058935,146.7001479,0,,ABBEYARD
403223,*,349,349,0,0,0,348,347,0,0,335,0,0,0,0,0,0,0,0,0,335,0,0,0,0,0,0,0,335,0,0,334,335,0,0,0,0,0,0,0,0,0,0,0,0,0,0,0,0,0,0,0,0,0,0,0,0,KING RIVER,-36.5163133,146.3894165,0,,DOCKER ROAD BRIDGE
403228,*,349,348,0,0,0,347,347,0,0,80,0,0,0,0,0,0,0,0,0,25,0,0,0,0,0,0,0,25,0,0,25,25,0,0,0,0,0,0,0,0,0,0,0,0,0,0,0,0,0,0,0,0,24,0,0,0,KING RIVER,-36.90904874,146.3950117,0,,LAKE WILLIAM HOVELL T.G.
403230,*,361,361,0,0,0,359,361,0,0,365,0,99,287,136,136,136,0,0,0,365,288,253,288,0,0,0,0,367,0,0,367,365,287,288,288,0,2,2,2,2,0,2,2,2,0,0,2,0,3,2,13,13,2,0,0,0,OVENS RIVER,-36.5334707,146.6683095,0,,ROCKY POINT
403234,*,0,0,0,0,0,3,167,0,0,5,0,167,10,1,1,1,0,0,0,0,5,5,5,0,0,0,55,167,0,0,168,167,5,5,4,0,0,0,0,0,3,0,0,0,0,0,0,0,0,0,1,1,0,0,0,0,KING RIVER,-36.91340337,146.3863558,0,,LAKE WILLIAM HOVELL (HG)
403235,*,0,0,0,0,0,2,157,0,0,2,0,157,9,0,0,0,0,0,0,0,2,2,2,0,0,0,51,157,0,0,157,154,2,2,1,0,0,0,0,0,0,0,0,0,0,0,0,0,0,0,0,0,0,0,0,0,BUFFALO RIVER,-36.7159314,146.6551425,0,,LAKE BUFFALO (HEAD GAUGE)
403241,*,1299,1122,0,0,0,1305,1825,0,0,715,0,261,186,0,0,0,0,0,0,75,186,186,186,0,0,0,0,1324,17,0,1325,1322,186,186,183,0,70,75,75,75,0,0,75,0,0,0,75,0,1322,75,0,0,0,713,0,0,OVENS RIVER,-36.16297488,146.2363493,0,,PEECHELBA
403244,*,349,349,0,0,0,347,348,0,0,329,0,103,295,140,140,140,0,0,0,328,295,261,295,0,0,0,0,328,0,0,329,326,294,295,295,0,1,1,1,1,0,0,1,0,0,0,1,0,2,1,13,13,0,0,0,0,OVENS RIVER,-36.88408,147.06242,0,,HARRIETVILLE
404207,*,350,350,0,0,0,350,351,0,0,358,0,0,2,0,0,0,0,0,0,358,2,2,2,1,1,0,1,358,0,0,358,355,2,2,2,0,0,0,0,0,0,2,0,2,0,0,0,0,2,0,0,0,2,0,0,0,HOLLAND CREEK,-36.61115514,146.0592047,0,,KELFEERA
404210,*,1141,526,0,0,0,1148,1773,0,0,556,0,255,169,0,0,0,0,0,0,0,169,169,169,0,0,0,0,1141,19,0,1141,1139,169,169,166,0,0,0,0,0,0,0,0,0,0,0,0,0,1138,0,0,0,0,556,0,0,BROKEN CREEK,-35.96779,144.9619,0,,RICES WEIR
404214,*,348,348,0,0,0,349,346,0,0,347,0,0,0,0,0,0,0,0,0,340,0,0,0,0,0,0,0,339,0,0,339,341,0,0,0,0,0,0,0,0,0,0,0,0,0,0,0,0,0,0,0,0,0,0,0,0,BROKEN CREEK,-36.09853841,145.6851538,0,,KATAMATITE
404216,*,362,359,0,0,0,360,361,0,0,363,0,0,2,0,0,0,0,0,0,363,2,2,2,0,0,0,0,363,0,0,363,361,2,2,2,0,0,0,0,0,0,2,0,2,0,0,0,0,2,0,0,0,2,0,0,0,BROKEN RIVER,-36.47353488,145.9417393,0,,GOORAMBAT (CASEY WEIR H. GAUGE)
404218,*,0,0,0,0,0,3,177,0,0,4,0,177,11,1,1,1,0,0,0,0,4,4,4,0,0,0,68,176,1,0,176,175,4,4,3,0,0,0,0,0,2,0,0,0,0,0,0,0,0,0,1,1,0,0,0,0,BROKEN RIVER,-36.85471607,146.0092056,0,,LAKE NILLAHCOOTIE (HEAD GAUGE)
404222,*,32,32,0,0,0,32,32,0,0,0,0,0,0,0,0,0,0,0,0,0,0,0,0,0,0,0,0,0,0,0,0,0,0,0,0,0,0,0,0,0,0,0,0,0,0,0,0,0,0,0,0,0,0,0,0,0,BROKEN RIVER,-36.4313885,145.4497833,0,,ORRVALE
404224,*,320,320,0,0,0,317,320,0,0,327,0,2,1,0,0,0,0,0,0,326,1,1,1,0,0,0,1,327,0,0,327,325,1,1,1,0,1,1,1,1,0,0,1,0,1,0,1,0,0,1,0,0,0,0,0,0,BROKEN RIVER,-36.43366659,145.6691815,0,,GOWANGARDIE
404713,*,186,186,0,0,0,186,186,0,0,67,0,0,0,0,0,0,0,0,0,174,0,0,0,0,0,0,0,175,0,0,175,169,0,0,0,0,0,0,0,0,0,0,0,0,0,0,0,0,0,0,0,0,0,0,0,0,MUCKATAH MAIN DRAIN U/S NARING HALL ROAD,-36.05509012,145.4896932,0,,
405200,*,367,368,0,0,0,365,367,0,0,368,0,0,4,0,0,0,0,0,0,367,4,4,4,0,0,0,5,367,0,0,367,362,4,4,4,0,0,0,0,0,0,4,0,4,0,0,0,0,4,0,0,0,4,5,0,0,GOULBURN RIVER,-36.61703491,145.2195882,0,,MURCHISON
405201,*,181,181,0,0,0,179,181,0,0,184,0,0,0,0,0,0,0,0,0,200,0,0,0,0,0,0,0,200,0,0,200,200,0,0,0,0,0,0,0,0,0,0,0,0,0,0,0,0,0,0,0,0,0,0,0,0,GOULBURN RIVER,-37.0916115,145.2025134,0,,TRAWOOL
405202,*,174,174,0,0,0,174,174,0,0,49,0,0,49,0,0,0,0,0,0,49,49,49,49,0,0,0,0,48,0,0,47,0,48,49,49,0,0,0,0,0,0,46,0,46,0,0,0,0,47,0,0,0,45,0,0,0,GOULBURN RIVER,-37.01990004,145.1089547,0,,SEYMOUR
405203,*,358,363,0,0,0,361,363,0,0,365,0,98,287,139,139,139,0,0,0,364,287,253,287,0,0,0,0,363,0,0,364,364,286,287,288,0,2,7,7,7,0,1,7,1,1,1,7,1,1,7,14,14,0,0,0,0,GOULBURN RIVER,-37.2467952,145.8892935,0,,EILDON
405204,*,362,362,0,0,0,360,362,0,0,364,0,0,3,1,1,1,0,0,0,364,3,3,3,0,0,0,0,364,0,0,364,362,3,3,3,0,0,0,0,0,0,2,0,2,0,0,0,0,2,0,0,0,2,0,0,0,GOULBURN RIVER,-36.37977731,145.3935312,0,,SHEPPARTON
405205,*,362,360,0,0,0,359,362,0,0,367,0,96,286,141,141,141,0,0,0,367,286,252,286,0,0,0,0,366,0,0,367,362,285,286,285,0,1,1,1,1,0,1,1,1,1,1,1,1,1,1,14,14,0,0,0,0,MURRINDINDI RIVER,-37.4136725,145.5640351,0,,MURRINDINDI ABOVE COLWELLS
405209,*,364,362,0,0,0,361,364,0,0,364,0,103,289,137,137,137,0,0,0,362,288,256,288,0,0,0,0,363,0,0,363,362,287,288,289,0,1,1,1,1,0,1,1,1,1,1,1,1,1,1,14,14,0,0,0,0,ACHERON RIVER,-37.31772866,145.7128865,0,,TAGGERTY
405212,*,347,347,0,0,0,345,347,0,0,312,0,0,0,0,0,0,0,0,0,324,0,0,0,0,0,0,0,323,0,0,323,322,0,0,0,0,0,0,0,0,0,0,0,0,0,0,0,0,0,0,0,0,0,0,0,0,SUNDAY CREEK,-37.09895462,145.0561441,0,,TALLAROOK
405214,*,368,368,0,0,0,366,367,0,0,374,0,0,0,0,0,0,0,0,0,374,0,0,0,0,0,0,0,374,0,0,375,374,0,0,0,0,0,0,0,0,0,0,0,0,0,0,0,0,0,0,0,0,23,0,0,0,DELATITE RIVER,-37.15829277,146.1130903,0,,TONGA BRIDGE
405215,*,186,186,0,0,0,186,186,0,0,24,0,0,1,0,0,0,0,0,0,24,1,1,1,0,0,0,0,24,0,0,24,24,1,1,1,0,0,0,0,0,0,0,0,0,0,0,0,0,0,0,0,0,22,0,0,0,HOWQUA RIVER,-37.22967369,146.2072265,0,,GLAN ESK
405217,*,172,172,0,0,0,172,172,0,0,0,0,0,0,0,0,0,0,0,0,0,0,0,0,0,0,0,0,0,0,0,0,0,0,0,0,0,0,0,0,0,0,0,0,0,0,0,0,0,0,0,0,0,0,0,0,0,YEA RIVER,-37.38272675,145.4730812,0,,DEVLINS BRIDGE
405218,*,161,161,0,0,0,161,161,0,0,24,0,0,1,0,0,0,0,0,0,24,1,1,1,0,0,0,0,24,0,0,24,24,1,1,1,0,0,0,0,0,0,0,0,0,0,0,0,0,0,0,0,0,22,0,0,0,JAMIESON RIVER,-37.29125953,146.1878417,0,,GERRANG BRIDGE
405219,*,356,356,0,0,0,354,355,0,0,333,0,103,296,141,141,141,0,0,0,334,296,259,296,0,0,0,0,331,0,0,333,333,296,296,296,0,1,1,1,1,0,0,1,0,1,0,1,0,0,1,11,11,23,0,0,0,GOULBURN RIVER,-37.33088353,146.1307397,0,,DOHERTYS
405227,*,183,183,0,0,0,183,183,0,0,44,0,0,44,0,0,0,0,0,0,44,44,44,44,0,0,0,0,44,0,0,44,0,43,44,44,0,0,0,0,0,5,44,0,44,5,0,0,0,44,0,0,0,41,0,0,0,BIG RIVER,-37.36747223,146.0569575,0,,JAMIESON
405228,*,144,144,0,0,0,144,145,0,0,0,0,1,0,0,0,0,0,0,0,0,0,0,0,0,0,0,1,1,0,0,1,1,0,0,0,0,0,0,0,0,0,0,0,0,0,0,0,0,0,0,0,0,0,0,0,0,HUGHES CREEK,-36.951083,145.283639,0,,TARCOMBE ROAD
405231,*,355,354,0,0,0,351,355,0,0,358,0,0,3,1,1,1,0,0,0,358,3,1,3,0,0,0,0,358,0,0,358,356,3,3,3,0,0,0,0,0,0,0,0,0,0,0,0,0,0,0,0,0,0,0,0,0,KING PARROT CREEK,-37.34705697,145.2883666,0,,FLOWERDALE
405232,*,1296,1111,0,0,0,1298,2067,0,0,704,0,255,181,0,0,0,0,0,0,76,181,181,181,0,0,0,5,1312,19,0,1313,1307,181,181,178,0,70,76,76,76,0,0,76,0,0,0,76,0,1307,76,0,0,0,705,0,0,GOULBURN RIVER,-36.1799296,145.1229808,0,,McCOYS BRIDGE
405234,*,323,325,0,0,0,323,325,0,0,333,0,0,0,0,0,0,0,0,0,333,0,0,0,0,0,0,0,333,3,0,333,332,0,0,0,0,0,0,0,0,0,0,0,0,0,0,0,0,0,0,0,0,0,0,0,0,SEVEN CREEKS,-36.88700722,145.682753,0,,D/S OF POLLY MCQUINN WEIR
405237,*,309,309,0,0,0,308,311,0,0,318,0,0,0,0,0,0,0,0,0,319,0,0,0,0,0,0,0,319,1,0,320,319,0,0,0,0,0,0,0,0,0,0,0,0,0,0,0,0,0,0,0,0,0,0,0,0,SEVEN CREEKS,-36.72952128,145.5671143,0,,EUROA TOWNSHIP
405240,*,334,334,0,0,0,334,334,0,0,305,0,1,1,0,0,0,0,0,0,321,1,1,1,0,0,0,0,320,0,0,321,320,1,1,1,0,0,0,0,0,0,0,0,0,0,0,0,0,0,0,0,0,0,0,0,0,SUGARLOAF CREEK,-37.05963157,145.0550452,0,,ASH BRIDGE
405241,*,172,172,0,0,0,172,172,0,0,0,0,0,0,0,0,0,0,0,0,0,0,0,0,0,0,0,0,0,0,0,0,0,0,0,0,0,0,0,0,0,0,0,0,0,0,0,0,0,0,0,0,0,0,0,0,0,RUBICON RIVER,-37.29036608,145.8275646,0,,RUBICON
405246,*,256,257,0,0,0,256,258,0,0,187,0,0,0,0,0,0,0,0,0,179,0,0,0,0,0,0,0,179,0,0,179,179,0,0,0,0,1,1,1,1,0,0,1,0,1,0,1,0,0,1,0,0,0,0,0,0,CASTLE CREEK,-36.59083189,145.3511279,0,,ARCADIA
405251,*,341,341,0,0,0,339,340,0,0,320,0,0,0,0,0,0,0,0,0,319,0,0,0,0,0,0,0,317,0,0,318,318,0,0,0,0,0,0,0,0,0,0,0,0,0,0,0,0,0,0,0,0,1,0,0,0,BRANKEET CREEK,-36.9688213,145.7854573,0,,ANCONA
405254,*,0,0,0,0,0,0,24,0,0,0,0,24,0,0,0,0,0,0,0,0,0,0,0,0,0,0,23,24,0,0,24,24,0,0,0,0,0,0,0,0,0,0,0,0,0,0,0,0,0,0,0,0,0,0,0,0,TALLANGALLOOK CREEK,-37.00848,145.87628,0,,BONNIE DOON
405258,*,0,0,0,0,0,0,175,0,0,2,0,175,9,1,1,1,0,0,0,0,2,2,2,0,0,0,65,176,1,0,176,170,2,2,1,0,0,0,0,0,1,0,0,0,0,0,0,0,0,0,1,1,0,0,0,0,GOULBURN RIVER,-37.22512324,145.9320494,0,,LAKE EILDON (HEAD GAUGE)
405259,*,0,0,0,0,0,0,67,0,0,3,0,67,3,1,1,1,0,0,0,0,3,3,3,0,0,0,65,67,1,0,67,66,3,3,2,0,0,0,0,0,1,0,0,0,0,0,0,0,0,0,1,1,0,0,0,0,GOULBURN RIVER,-36.71753229,145.1711321,0,,GOULBURN WEIR (H.G.)
405260,*,0,0,0,0,0,1,171,0,0,3,0,171,10,2,2,2,0,0,0,0,3,3,3,0,0,0,53,171,0,0,171,171,3,3,2,0,0,0,0,0,2,0,0,0,0,0,0,0,0,0,1,1,0,0,0,0,WARANGA BASIN,-36.51111978,145.0911842,0,,HEAD GAUGE
405264,*,359,357,0,0,0,357,359,0,0,360,0,0,0,0,0,0,0,0,0,356,0,0,0,0,0,0,0,357,0,0,357,354,0,0,0,0,0,0,0,0,0,0,0,0,0,0,0,0,0,0,0,0,0,0,0,0,BIG RIVER,-37.51940015,146.0760963,0,,D/S OF FRENCHMAN CREEK JUNCTION
405297,*,191,191,0,0,0,191,191,0,0,66,0,0,0,0,0,0,0,0,0,158,0,0,0,0,0,0,0,158,1,0,158,147,0,0,0,0,0,0,0,0,0,0,0,0,0,0,0,0,0,0,0,0,0,0,0,0,WARRIGAL CREEK,-36.1065,144.8580833,0,,STEWARTS BRIDGE
405601,*,132,133,0,0,0,132,285,0,0,59,0,152,7,0,0,0,0,0,0,0,0,0,0,0,0,0,50,153,0,0,153,153,0,0,0,0,0,0,0,0,0,0,0,0,0,0,0,0,0,0,0,0,0,0,0,0,LAKE GREEN,-36.4150256,144.8221895,0,,COROP
405602,*,109,109,0,0,0,109,109,0,0,59,0,0,0,0,0,0,0,0,0,0,0,0,0,0,0,0,0,0,0,0,0,0,0,0,0,0,0,0,0,0,0,0,0,0,0,0,0,0,0,0,0,0,0,0,0,0,LAKE COOPER,-36.47219444,144.793115,0,,COROP
405720,*,254,254,0,0,0,251,254,0,0,68,0,0,0,0,0,0,0,0,0,277,0,0,0,0,0,0,0,277,11,0,277,276,0,0,0,0,0,0,0,0,0,0,0,0,0,0,0,0,0,0,0,0,0,0,0,0,RODNEY MAIN DRAIN,-36.18631464,145.1410759,0,,WELLS CREEK
405730,*,255,255,0,0,0,253,255,0,0,69,0,0,0,0,0,0,0,0,0,270,0,0,0,0,0,0,0,270,14,0,270,263,0,0,0,0,0,0,0,0,0,0,0,0,0,0,0,0,0,0,0,0,0,0,0,0,TOOLAMBA COMMUNITY DRAIN,-36.50409551,145.3109206,0,,D/S MURCHISON-MOOROOPNA RD
405758,*,230,230,0,0,0,228,230,0,0,68,0,0,0,0,0,0,0,0,0,238,0,0,0,0,0,0,0,237,8,0,238,235,0,0,0,0,0,0,0,0,0,0,0,0,0,0,0,0,0,0,0,0,0,0,0,0,SHEPPARTON DRAIN NO 12 U/S GOULBURN VALLEY HIGHWAY,-36.18170207,145.4335469,0,,
405779,*,243,243,0,0,0,241,243,0,0,68,0,0,0,0,0,0,0,0,0,249,0,0,0,0,0,0,0,249,11,0,249,244,0,0,0,0,0,0,0,0,0,0,0,0,0,0,0,0,0,0,0,0,0,0,0,0,SHEPPARTON DRAIN NO 11 D/S HOLMES RD BRIDGE,-36.18072538,145.3824835,0,,
406202,*,1298,1113,0,0,0,1301,2074,0,0,703,0,259,281,49,49,49,0,0,0,78,247,237,247,0,0,0,0,1308,15,0,1307,1299,247,247,296,0,74,80,80,80,0,4,80,4,4,4,80,4,1300,80,2,2,0,709,0,0,CAMPASPE RIVER,-36.33193098,144.7009668,0,,ROCHESTER D/S WARANGA WESTERN CH SYPHN
406207,*,362,362,0,0,0,358,362,0,0,367,0,0,2,0,0,0,0,0,0,368,2,2,2,0,0,0,0,367,0,0,368,365,2,2,2,0,0,0,0,0,0,2,0,2,0,0,0,0,2,0,0,0,2,0,0,0,CAMPASPE RIVER,-36.8433206,144.5301809,0,,EPPALOCK
406208,*,300,300,0,0,0,311,300,0,0,259,0,0,0,0,0,0,0,0,0,242,0,0,0,0,0,0,0,242,0,0,242,243,0,0,0,0,0,0,0,0,0,0,0,0,0,0,0,0,0,0,0,0,0,0,0,0,CAMPASPE RIVER,-37.38773265,144.4504776,0,,ASHBOURNE
406213,*,354,354,0,0,0,351,354,0,0,359,0,0,2,0,0,0,0,0,0,339,2,2,2,0,0,0,0,359,0,0,359,355,2,2,2,0,246,265,265,265,0,3,265,3,183,1,265,1,2,265,0,0,2,0,0,0,CAMPASPE RIVER,-37.01512226,144.5402949,0,,REDESDALE
406214,*,322,323,0,0,0,318,324,0,0,283,0,1,0,0,0,0,0,0,0,274,0,0,0,0,0,0,0,274,0,0,274,273,0,0,0,0,0,0,0,0,0,0,0,0,0,0,0,0,0,0,0,0,0,0,0,0,AXE CREEK,-36.77349188,144.4281046,0,,LONGLEA
406215,*,127,127,0,0,0,124,127,0,0,137,0,0,0,0,0,0,0,0,0,131,0,0,0,0,0,0,0,131,0,0,131,131,0,0,0,0,1,1,1,1,0,0,1,0,1,0,1,0,0,1,0,0,0,0,0,0,COLIBAN RIVER,-36.961625,144.49156,0,,LYAL
406219,*,0,0,0,0,0,2,75,0,0,3,0,75,3,2,2,2,0,0,0,0,3,3,3,0,0,0,74,75,1,0,75,75,3,3,2,0,0,0,0,0,1,0,0,0,0,0,0,0,0,0,1,1,0,0,0,0,CAMPASPE RIVER,-36.8510207,144.5312227,0,,LAKE EPPALOCK (HEAD GAUGE)
406224,*,223,224,0,0,0,215,225,0,0,116,0,0,0,0,0,0,0,0,0,92,0,0,0,0,0,0,0,91,0,0,92,91,0,0,0,0,0,0,0,0,0,0,0,0,0,0,0,0,0,0,0,0,0,0,0,0,MOUNT PLEASANT CREEK,-36.54565618,144.6377054,0,,RUNNYMEDE
406226,*,25,25,0,0,0,25,25,0,0,0,0,0,0,0,0,0,0,0,0,0,0,0,0,0,0,0,0,0,0,0,0,0,0,0,0,0,0,0,0,0,0,0,0,0,0,0,0,0,0,0,0,0,0,0,0,0,MOUNT IDA CREEK,-36.88032602,144.6519894,0,,DERRINAL
406235,*,314,315,0,0,0,310,315,0,0,294,0,0,0,0,0,0,0,0,0,272,0,0,0,0,0,0,0,276,0,0,276,275,0,0,0,0,0,0,0,0,0,0,0,0,0,0,0,0,0,0,0,0,0,0,0,0,WILD DUCK CREEK,-36.94717851,144.6647037,0,,U/S OF HEATHCOTE-MIA MIA ROAD
406263,*,202,202,0,0,0,199,202,0,0,68,0,0,0,0,0,0,0,0,0,214,0,0,0,0,0,0,0,212,17,0,213,213,0,0,0,0,0,0,0,0,0,0,0,0,0,0,0,0,0,0,0,0,0,0,0,0,MULLERS CREEK,-36.09591723,144.6753683,0,,MURRAY VALLEY HIGHWAY
406265,*,180,180,0,0,0,180,180,0,0,44,0,0,0,0,0,0,0,0,0,190,0,0,0,0,0,0,0,190,0,0,190,190,0,0,0,0,0,0,0,0,0,0,0,0,0,0,0,0,0,0,0,0,0,0,0,0,CAMPASPE RIVER,-36.14472095,144.7353385,0,,ECHUCA
406704,*,250,250,0,0,0,247,250,0,0,67,0,0,0,0,0,0,0,0,0,261,0,0,0,0,0,0,0,260,17,0,261,259,0,0,0,0,0,0,0,0,0,0,0,0,0,0,0,0,0,0,0,0,0,0,0,0,DEAKIN MAIN DRAIN,-36.12865662,144.7693105,0,,OUTFALL (ECHUCA)
406744,*,122,122,0,0,0,122,122,0,0,58,0,0,0,0,0,0,0,0,0,42,0,0,0,0,0,0,0,42,0,0,42,42,0,0,0,0,0,0,0,0,0,0,0,0,0,0,0,0,0,0,0,0,0,0,0,0,BAMAWM DRAIN NO.3 EXTENSION,-36.33352883,144.6446532,0,,O'DONNEL ROAD
406750,*,93,87,0,0,0,93,93,0,0,39,0,0,0,0,0,0,0,0,0,89,0,0,0,0,0,0,0,89,0,0,89,88,0,0,0,0,0,0,0,0,0,0,0,0,0,0,0,0,0,0,0,0,0,0,0,0,BAMAWM MAIN DRAIN,-36.12873992,144.600682,0,,DARGON'S BRIDGE
406756,*,214,214,0,0,0,213,214,0,0,67,0,0,0,0,0,0,0,0,0,222,0,0,0,0,0,0,0,222,8,0,222,220,0,0,0,0,0,0,0,0,0,0,0,0,0,0,0,0,0,0,0,0,0,0,0,0,MOSQUITO CREEK DEPRESSION,-36.32870658,144.9808938,0,,CURR ROAD
406758,*,216,216,0,0,0,214,216,0,0,67,0,0,0,0,0,0,0,0,0,221,0,0,0,0,0,0,0,221,5,0,221,218,0,0,0,0,0,0,0,0,0,0,0,0,0,0,0,0,0,0,0,0,0,0,0,0,BAMAWN MAIN DRAIN,-36.04050133,144.5788256,0,,RICHARDSON LAGOON OUTFALL
406764,*,101,101,0,0,0,102,101,0,0,56,0,0,0,0,0,0,0,0,0,12,0,0,0,0,0,0,0,12,0,0,13,11,0,0,0,0,0,0,0,0,0,0,0,0,0,0,0,0,0,0,0,0,0,0,0,0,CAMPASPE DRAIN NO 5,-36.32811882,144.7009897,0,,OUTFALL
406766,*,130,130,0,0,0,130,129,0,0,57,0,0,0,0,0,0,0,0,0,46,0,0,0,0,0,0,0,49,0,0,53,46,0,0,0,0,0,0,0,0,0,0,0,0,0,0,0,0,0,0,0,0,0,0,0,0,CAMPASPE DR NO 4 U/S NORTHERN HIGHWAY,-36.31865378,144.6845948,0,,
407202,*,1296,763,0,0,0,1300,2074,0,0,704,0,259,306,65,65,65,0,0,0,0,278,246,278,0,0,0,0,1310,12,0,1311,1306,278,278,318,0,10,10,10,10,0,10,10,10,10,10,10,10,1308,10,2,2,0,711,0,0,LODDON RIVER,-35.70323414,143.9192282,0,,KERANG
407203,*,362,363,0,0,0,359,364,0,0,359,0,0,2,0,0,0,0,0,0,357,2,2,2,0,0,0,0,358,0,0,358,354,2,2,2,0,1,1,1,1,0,2,1,2,1,0,1,0,2,1,0,0,2,0,0,0,LODDON RIVER,-36.83120534,143.8917144,0,,LAANECOORIE
407205,*,152,153,0,0,0,153,154,0,0,159,0,1,0,0,0,0,0,0,0,158,0,0,0,0,0,0,0,159,0,0,159,159,0,0,0,0,0,0,0,0,0,0,0,0,0,0,0,0,1,0,0,0,0,1,0,0,LODDON RIVER,-35.92432646,143.8718822,0,,APPIN SOUTH
407209,*,1289,729,0,0,0,1294,2055,0,0,702,0,257,177,0,0,0,0,0,0,1,177,177,177,0,0,0,0,1304,18,0,1304,1297,177,177,175,0,0,0,0,0,0,0,0,0,0,0,0,0,1303,0,0,0,0,707,0,0,GUNBOWER CREEK,-35.6565729,144.1248226,0,,KOONDROOK
407210,*,155,155,0,0,0,155,155,0,0,50,0,0,50,0,0,0,0,0,0,49,50,50,50,0,0,0,0,50,0,0,49,0,49,50,50,0,0,0,0,0,1,47,0,47,0,0,0,0,47,0,0,0,45,0,0,0,LODDON RIVER,-36.98716397,143.9683234,0,,CAIRN CURRAN RESERVOIR T.G.
407214,*,343,343,0,0,0,338,343,0,0,57,0,0,0,0,0,0,0,0,0,0,0,0,0,0,0,0,0,0,0,0,0,0,0,0,0,0,0,0,0,0,0,0,0,0,0,0,0,0,0,0,0,0,0,0,0,0,CRESWICK CREEK,-37.29663553,143.789846,0,,CLUNES
407215,*,333,334,0,0,0,339,335,0,0,334,0,1,2,0,0,0,0,0,0,323,2,2,2,0,0,0,0,334,0,0,334,330,2,2,3,0,224,243,243,243,0,2,243,2,160,0,243,0,3,243,0,0,2,1,0,0,LODDON RIVER,-37.10903603,144.0579866,0,,NEWSTEAD
407220,*,306,306,0,0,0,303,306,0,0,57,0,0,0,0,0,0,0,0,0,1,0,0,0,0,0,0,0,1,0,0,1,1,0,0,0,0,0,0,0,0,0,0,0,0,0,0,0,0,0,0,0,0,0,0,0,0,BET BET CREEK,-36.99477,143.64259,0,,NORWOOD
407221,*,341,341,0,0,0,341,354,0,0,338,0,114,248,113,113,113,0,0,0,328,249,222,249,0,0,0,0,336,0,0,338,335,249,249,259,0,0,0,0,0,0,0,0,0,0,0,0,0,12,0,12,12,0,12,0,0,JIM CROW CREEK,-37.2064268,144.100373,0,,YANDOIT
407229,*,349,348,0,0,0,346,365,0,0,320,0,107,253,116,116,116,0,0,0,306,253,222,253,0,0,0,0,318,0,0,318,319,251,253,265,0,3,5,5,5,0,0,5,0,2,0,5,0,16,5,10,10,0,14,0,0,LODDON RIVER,-36.426775,143.951224,0,,SERPENTINE WEIR
407240,*,0,0,0,0,0,4,193,0,0,3,0,193,9,1,1,1,0,0,0,0,3,3,3,0,0,0,79,192,1,0,192,192,3,3,2,0,0,0,0,0,2,0,0,0,0,0,0,0,0,0,1,1,0,0,0,0,LODDON RIVER,-36.83381925,143.8916895,0,,LAANECOORIE RESERVOIR (H. GAUGE)
407241,*,0,0,0,0,0,4,191,0,0,3,0,191,9,1,1,1,0,0,0,0,3,3,3,0,0,0,79,191,1,0,191,191,3,3,2,0,0,0,0,0,1,0,0,0,0,0,0,0,0,0,1,1,0,0,0,0,LODDON RIVER,-36.98903,143.96842,0,,CAIRN CURRAN RESERVOIR (HEAD GAUGE)
407242,*,77,77,0,0,0,80,76,0,0,41,0,0,0,0,0,0,0,0,0,14,0,0,0,0,0,0,0,81,0,0,81,81,0,0,0,0,0,0,0,0,0,0,0,0,0,0,0,0,0,0,0,0,0,0,0,0,LODDON RIVER,-35.73508293,143.9114927,0,,MURRAY VALLEY HIGHWAY BRIDGE (KERANG)
407244,*,0,0,0,0,0,4,193,0,0,3,0,193,10,1,1,1,0,0,0,0,3,3,3,0,0,0,80,193,1,0,193,193,3,3,2,0,0,0,0,0,1,0,0,0,0,0,0,0,0,0,1,1,0,0,0,0,TULLAROOP CREEK,-37.09296795,143.8637307,0,,TULLAROOP RESERVOIR (HEAD GAUGE)
407252,*,1180,613,0,0,0,1190,1840,0,0,593,0,211,239,5,5,5,0,0,0,0,239,234,239,0,0,0,0,1200,3,0,1201,1192,239,239,236,0,0,0,0,0,0,0,0,0,0,0,0,0,1196,0,3,3,0,595,0,0,BARR CREEK,-35.60466,143.93106,0,,CAPELS FLUME
407255,*,339,339,0,0,0,335,338,0,0,311,0,0,0,0,0,0,0,0,0,310,0,0,0,0,0,0,0,309,0,0,310,308,0,0,0,0,0,0,0,0,0,0,0,0,0,0,0,0,0,0,0,0,0,0,0,0,BENDIGO CREEK,-36.63313628,144.3646811,0,,HUNTLY
407341,*,9,9,0,0,0,9,9,0,0,9,0,0,0,0,0,0,0,0,0,0,0,0,0,0,0,0,0,4,0,0,4,4,0,0,0,0,0,0,0,0,0,0,0,0,0,0,0,0,0,0,0,0,0,0,0,0,HEPPELL LAGOON,-36.000448,144.496681,0,,HEPPELL ROAD
407342,*,9,9,0,0,0,9,9,0,0,9,0,0,0,0,0,0,0,0,0,0,0,0,0,0,0,0,0,4,0,0,4,4,0,0,0,0,0,0,0,0,0,0,0,0,0,0,0,0,0,0,0,0,0,0,0,0,HEPPELL LAGOON,-35.996388,144.488292,0,,CORDELL ISLAND
407343,*,9,9,0,0,0,9,9,0,0,9,0,0,0,0,0,0,0,0,0,0,0,0,0,0,0,0,0,4,0,0,4,4,0,0,0,0,0,0,0,0,0,0,0,0,0,0,0,0,0,0,0,0,0,0,0,0,HEART LAGOON,-35.979523,144.48375,0,,DIRT TRACK
407344,*,9,9,0,0,0,9,9,0,0,9,0,0,0,0,0,0,0,0,0,0,0,0,0,0,0,0,0,4,0,0,4,4,0,0,0,0,0,0,0,0,0,0,0,0,0,0,0,0,0,0,0,0,0,0,0,0,HEART LAGOON,-35.980171,144.473889,0,,HEADWORKS ROAD
407345,*,9,9,0,0,0,9,9,0,0,9,0,0,0,0,0,0,0,0,0,0,0,0,0,0,0,0,0,4,0,0,4,4,0,0,0,0,0,0,0,0,0,0,0,0,0,0,0,0,0,0,0,0,0,0,0,0,UREGULATED LAGOON OFF HEADWORKS ROAD,-35.983592,144.471286,0,,
407346,*,9,9,0,0,0,9,9,0,0,9,0,0,0,0,0,0,0,0,0,0,0,0,0,0,0,0,0,4,0,0,4,4,0,0,0,0,0,0,0,0,0,0,0,0,0,0,0,0,0,0,0,0,0,0,0,0,SPLATTS LAGOON,-36.000908,144.47223,0,,PATHO CEMETERY ROAD
407347,*,9,9,0,0,0,9,9,0,0,9,0,0,0,0,0,0,0,0,0,0,0,0,0,0,0,0,0,4,0,0,4,4,0,0,0,0,0,0,0,0,0,0,0,0,0,0,0,0,0,0,0,0,0,0,0,0,SPLATTS LG,-35.995565,144.457816,0,,CNR PATHO CEMETERY RD & TORRUMBARRY W. RD
407348,*,9,9,0,0,0,9,9,0,0,9,0,0,0,0,0,0,0,0,0,0,0,0,0,0,0,0,0,4,0,0,4,4,0,0,0,0,0,0,0,0,0,0,0,0,0,0,0,0,0,0,0,0,0,0,0,0,SPLATTS LAGOON,-36.005034,144.447029,0,,MCGILLVRAYS
407349,*,9,9,0,0,0,9,9,0,0,9,0,0,0,0,0,0,0,0,0,0,0,0,0,0,0,0,0,4,0,0,4,4,0,0,0,0,0,0,0,0,0,0,0,0,0,0,0,0,0,0,0,0,0,0,0,0,TURNERS LAGOON,-35.998537,144.43106,0,,MAYERS LANE
407350,*,9,9,0,0,0,9,9,0,0,9,0,0,0,0,0,0,0,0,0,0,0,0,0,0,0,0,0,4,0,0,4,4,0,0,0,0,0,0,0,0,0,0,0,0,0,0,0,0,0,0,0,0,0,0,0,0,TURNERS LAGOON,-35.987148,144.413547,0,,PHYLAND ROAD
407351,*,9,9,0,0,0,9,9,0,0,9,0,0,0,0,0,0,0,0,0,0,0,0,0,0,0,0,0,4,0,0,4,4,0,0,0,0,0,0,0,0,0,0,0,0,0,0,0,0,0,0,0,0,0,0,0,0,PHYLAND LAGOON,-35.976573,144.414906,0,,GIBBON ROAD
407352,*,9,9,0,0,0,9,9,0,0,9,0,0,0,0,0,0,0,0,0,0,0,0,0,0,0,0,0,4,0,0,4,4,0,0,0,0,0,0,0,0,0,0,0,0,0,0,0,0,0,0,0,0,0,0,0,0,LONGMORE LAGOON,-35.982771,144.403333,0,,GIBBON ROAD
407353,*,9,9,0,0,0,9,9,0,0,9,0,0,0,0,0,0,0,0,0,0,0,0,0,0,0,0,0,4,0,0,4,4,0,0,0,0,0,0,0,0,0,0,0,0,0,0,0,0,0,0,0,0,0,0,0,0,LONGMORE LAGOON,-35.96005,144.40445,0,,RANKINS
407354,*,9,9,0,0,0,9,9,0,0,9,0,0,0,0,0,0,0,0,0,0,0,0,0,0,0,0,0,4,0,0,4,4,0,0,0,0,0,0,0,0,0,0,0,0,0,0,0,0,0,0,0,0,0,0,0,0,LONGMORE LAGOON,-35.963007,144.392645,0,,FRACARO ROAD
407355,*,9,9,0,0,0,9,9,0,0,9,0,0,0,0,0,0,0,0,0,0,0,0,0,0,0,0,0,4,0,0,4,4,0,0,0,0,0,0,0,0,0,0,0,0,0,0,0,0,0,0,0,0,0,0,0,0,UPPER GUNBOWER LAGOON,-35.94615,144.383322,0,,FOX ISLAND ROAD
407356,*,9,9,0,0,0,9,9,0,0,9,0,0,0,0,0,0,0,0,0,0,0,0,0,0,0,0,0,4,0,0,4,4,0,0,0,0,0,0,0,0,0,0,0,0,0,0,0,0,0,0,0,0,0,0,0,0,UPPER GUNBOWER LAGOON,-35.928889,144.39299,0,,ISLAND SCHOOL ROAD
407357,*,9,9,0,0,0,9,9,0,0,9,0,0,0,0,0,0,0,0,0,0,0,0,0,0,0,0,0,4,0,0,4,4,0,0,0,0,0,0,0,0,0,0,0,0,0,0,0,0,0,0,0,0,0,0,0,0,GUM LAGOON,-35.937061,144.377899,0,,LAGOON ROAD
407358,*,9,9,0,0,0,9,9,0,0,9,0,0,0,0,0,0,0,0,0,0,0,0,0,0,0,0,0,4,0,0,4,4,0,0,0,0,0,0,0,0,0,0,0,0,0,0,0,0,0,0,0,0,0,0,0,0,COCKATOO LAGOON,-35.926725,144.354873,0,,CNR LAGOON RD & DICKSON RD
407359,*,9,9,0,0,0,9,9,0,0,9,0,0,0,0,0,0,0,0,0,0,0,0,0,0,0,0,0,4,0,0,4,4,0,0,0,0,0,0,0,0,0,0,0,0,0,0,0,0,0,0,0,0,0,0,0,0,COCKATOO LAGOON,-35.910592,144.366392,0,,CNR THOMPSONS BRIDGE ROAD
407360,*,9,9,0,0,0,9,9,0,0,9,0,0,0,0,0,0,0,0,0,0,0,0,0,0,0,0,0,4,0,0,4,4,0,0,0,0,0,0,0,0,0,0,0,0,0,0,0,0,0,0,0,0,0,0,0,0,TAYLOR LAGOON,-35.851111,144.317099,0,,BATEMAN'S ROAD
407361,*,9,9,0,0,0,9,9,0,0,9,0,0,0,0,0,0,0,0,0,0,0,0,0,0,0,0,0,4,0,0,4,4,0,0,0,0,0,0,0,0,0,0,0,0,0,0,0,0,0,0,0,0,0,0,0,0,TAYLOR LAGOON,-35.851507,144.307764,0,,W TAYLORS ROAD
407362,*,9,9,0,0,0,9,9,0,0,9,0,0,0,0,0,0,0,0,0,0,0,0,0,0,0,0,0,4,0,0,4,4,0,0,0,0,0,0,0,0,0,0,0,0,0,0,0,0,0,0,0,0,0,0,0,0,SAFES LAGOON,-35.689002,144.15704,0,,SAFES ROAD
407603,*,0,0,0,0,0,4,147,0,0,1,0,147,7,0,0,0,0,0,0,0,1,1,1,0,0,0,40,147,0,0,147,145,1,1,1,0,0,0,0,0,0,0,0,0,0,0,0,0,0,0,0,0,0,0,0,0,HEPBURN LAGOON (WQ),-37.37491,144.00426,0,,
407604,*,0,0,0,0,0,4,172,0,0,3,0,172,9,1,1,1,0,0,0,0,3,3,3,0,0,0,70,172,1,0,172,172,3,3,2,0,0,0,0,0,1,0,0,0,0,0,0,0,0,0,1,1,0,0,0,0,NEWLYN RESERVOIR (WQ),-37.40278,144.00502,0,,
407712,*,222,222,0,0,0,220,222,0,0,62,0,0,0,0,0,0,0,0,0,228,0,0,0,0,0,0,0,228,10,0,228,228,0,0,0,0,0,0,0,0,0,0,0,0,0,0,0,0,0,0,0,0,0,0,0,0,LOCKINGTON MAIN DRAIN,-36.08018229,144.5665831,0,,MURPHY SWAMP
408200,*,359,358,0,0,0,355,357,0,0,307,0,0,2,0,0,0,0,0,0,307,2,2,2,0,0,0,0,307,0,0,351,304,2,2,2,0,242,262,262,262,0,2,262,2,172,0,262,0,2,262,0,0,2,0,0,0,AVOCA RIVER,-36.43809,143.29839,0,,COONOOER
408202,*,345,345,0,0,0,345,345,0,0,234,0,0,0,0,0,0,0,0,0,234,0,0,0,0,0,0,0,234,0,0,278,232,0,0,0,0,251,271,271,271,0,0,271,0,182,0,271,0,0,271,0,0,0,0,0,0,AVOCA RIVER,-37.18202767,143.4055621,0,,AMPHITHEATRE
408203,*,250,252,0,0,0,265,251,0,0,195,0,0,0,0,0,0,0,0,0,173,0,0,0,0,0,0,0,173,0,0,173,170,0,0,0,0,0,0,0,0,0,0,0,0,0,0,0,0,0,0,0,0,0,0,0,0,AVOCA RIVER,-35.90616922,143.5121865,0,,QUAMBATOOK
408209,*,1,1,0,0,0,1,1,0,0,0,0,0,0,0,0,0,0,0,0,0,0,0,0,0,0,0,0,0,0,0,0,0,0,0,0,0,0,0,0,0,0,0,0,0,0,0,0,0,0,0,0,0,0,0,0,0,AVOCA RIVER,-35.73397305,143.6846113,0,,SANDHILL LAKE ROAD
408602,*,107,107,0,0,0,111,107,0,0,57,0,0,0,0,0,0,0,0,0,0,0,0,0,0,0,0,0,0,0,0,0,0,0,0,0,0,0,0,0,0,0,0,0,0,0,0,0,0,0,0,0,0,0,0,0,0,LAKE BAEL BAEL,-35.67030197,143.7454136,0,,BAEL BAEL
408603,*,106,106,0,0,0,108,106,0,0,57,0,0,0,0,0,0,0,0,0,0,0,0,0,0,0,0,0,0,0,0,0,0,0,0,0,0,0,0,0,0,0,0,0,0,0,0,0,0,0,0,0,0,0,0,0,0,LAKE LOOKOUT,-35.68023394,143.6595658,0,,BAEL BAEL
408604,*,106,106,0,0,0,108,106,0,0,57,0,0,0,0,0,0,0,0,0,0,0,0,0,0,0,0,0,0,0,0,0,0,0,0,0,0,0,0,0,0,0,0,0,0,0,0,0,0,0,0,0,0,0,0,0,0,SAND HILLS LAKE,-35.7302507,143.6680049,0,,SANDHILLL LAKE
408605,*,99,99,0,0,0,99,99,0,0,57,0,0,0,0,0,0,0,0,0,0,0,0,0,0,0,0,0,0,0,0,0,0,0,0,0,0,0,0,0,0,0,0,0,0,0,0,0,0,0,0,0,0,0,0,0,0,LAKE GILMOUR,-35.78507538,143.629263,0,,BUDGERUM EAST
409005,*,1719,860,0,0,0,1724,2421,0,0,701,0,210,251,0,0,0,0,0,0,0,250,303,251,0,0,0,0,831,0,0,832,830,251,251,248,0,0,0,0,0,0,0,0,0,0,0,0,0,832,0,0,0,0,251,0,0,MURRAY RIVER,-35.62983731,144.1242907,0,,BARHAM
409011,*,1167,669,0,0,0,1169,1615,0,0,627,0,210,172,0,0,0,0,0,0,0,172,172,172,0,0,0,0,732,0,0,732,728,172,172,169,0,0,0,0,0,0,1,0,0,0,0,0,0,730,0,0,0,0,173,0,0,MURRAY RIVER,-36.08895,147.05457,0,,HUME WEIR
409016,*,1490,974,0,0,0,1482,2270,0,0,956,0,418,173,1,1,1,0,0,0,0,173,173,174,0,0,0,0,1517,76,0,1519,1512,173,173,170,0,0,0,0,0,0,0,0,0,0,0,0,0,1519,0,1,1,0,962,0,0,MURRAY RIVER,-36.09978,147.02236,0,,HEYWOODS
409034,*,1716,876,0,0,0,1723,2422,0,0,701,0,213,251,0,0,0,0,0,0,0,252,304,252,0,0,0,0,1310,0,0,1311,1307,252,252,249,0,0,0,0,0,0,0,0,0,0,0,0,0,1312,0,0,0,0,706,0,0,WAKOOL RIVER,-34.94962374,143.4810068,0,,KYALITE
409202,*,168,168,0,0,0,168,168,0,0,46,0,0,46,0,0,0,0,0,0,46,46,46,46,0,0,0,0,44,0,0,45,0,46,46,46,0,0,0,0,0,8,46,0,46,7,0,0,0,46,0,0,0,42,0,0,0,MURRAY RIVER,-35.81351719,145.5566847,0,,TOCUMWAL
409204,*,1546,965,0,0,0,1525,2571,0,0,958,0,408,290,74,49,49,0,0,0,1,249,247,249,0,0,0,0,1568,76,0,1568,1557,249,249,318,0,2,2,2,2,0,2,2,2,2,2,2,2,1560,2,3,3,0,961,0,0,MURRAY RIVER,-35.32763381,143.5641798,0,,SWAN HILL
409206,*,108,108,0,0,0,102,108,0,0,58,0,0,0,0,0,0,0,0,0,0,0,0,0,0,0,0,0,0,0,0,0,0,0,0,0,0,0,0,0,0,0,0,0,0,0,0,0,0,0,0,0,0,0,0,0,0,MURRAY RIVER,-35.17363085,143.3823374,0,,NYAH
409207,*,1577,1006,0,0,0,1557,2602,0,0,960,0,407,184,1,0,0,0,0,0,0,184,184,184,0,0,0,0,1598,76,0,1598,1586,184,184,182,0,0,0,0,0,0,0,0,0,0,0,0,0,1593,0,0,0,0,962,0,0,MURRAY RIVER,-35.942574,144.46466,0,,TORRUMBARRY
409215,*,157,157,0,0,0,157,157,0,0,0,0,0,0,0,0,0,0,0,0,0,0,0,0,0,0,0,0,0,0,0,0,0,0,0,0,0,0,0,0,0,0,0,0,0,0,0,0,0,0,0,0,0,0,0,0,0,MURRAY RIVER,-36.01760591,144.9610344,0,,BARMAH
409216,*,1,1,0,0,0,3,187,0,0,2,0,186,9,0,0,0,0,0,0,0,4,2,4,0,0,0,77,187,1,0,187,186,4,4,3,0,0,0,0,0,0,1,0,1,0,0,0,0,0,0,0,0,0,0,0,0,MURRAY RIVER,-36.00891578,146.0006128,0,,YARRAWONGA WEIR (HEAD GAUGE)
409600,*,176,178,0,0,0,162,174,0,0,68,0,0,0,0,0,0,0,0,0,10,0,0,0,0,0,0,0,10,0,0,10,10,0,0,0,0,0,0,0,0,0,0,0,0,0,0,0,0,0,0,0,0,0,9,0,0,LAKE MOODEMERE,-36.05404204,146.3856237,0,,RUTHERGLEN
409712,*,74,74,0,0,0,73,72,0,0,0,0,0,0,0,0,0,0,0,0,75,0,0,0,0,0,0,0,75,0,0,75,73,0,0,0,0,0,0,0,0,0,0,0,0,0,0,0,0,0,0,0,0,0,0,0,0,MURRAY VALLEY DRAIN 6 TAIL,-35.90830277,145.3321778,0,,2 KM NTH MURRAY VALLEY HW
414200,*,1846,1012,0,0,0,1852,2302,0,0,483,0,210,31,0,0,0,0,0,0,31,31,31,31,0,0,0,0,33,0,0,32,2,31,31,31,0,0,0,0,0,2,31,0,31,2,0,0,0,32,0,0,0,31,2,0,0,MURRAY RIVER,-34.84718,143.34152,0,,BELOW WAKOOL JUNCTION
414201,*,161,161,0,0,0,161,161,0,0,0,0,0,0,0,0,0,0,0,0,0,0,0,0,0,0,0,0,0,0,0,0,0,0,0,0,0,0,0,0,0,0,0,0,0,0,0,0,0,0,0,0,0,0,0,0,0,MURRAY RIVER,-34.71966901,143.1698626,0,,BOUNDARY BEND
414203,*,157,157,0,0,0,157,157,0,0,0,0,0,0,0,0,0,0,0,0,0,0,0,0,0,0,0,0,0,0,0,0,0,0,0,0,0,0,0,0,0,0,0,0,0,0,0,0,0,0,0,0,0,0,0,0,0,MURRAY RIVER,-34.60025909,142.7581931,0,,EUSTON
414204,*,1478,924,0,0,0,1461,2240,0,0,761,0,389,0,0,0,0,0,0,0,0,0,0,0,0,0,0,0,0,0,0,0,0,0,0,0,0,0,0,0,0,0,0,0,0,0,0,0,0,0,0,0,0,0,0,0,0,MURRAY RIVER,-34.294223,142.2385366,0,,RED CLIFFS
414205,*,112,112,0,0,0,112,111,0,0,57,0,0,0,0,0,0,0,0,0,0,0,0,0,0,0,0,0,0,0,0,0,0,0,0,0,0,0,0,0,0,0,0,0,0,0,0,0,0,0,0,0,0,0,0,0,0,MURRAY RIVER,-34.60349669,142.8025006,0,,ROBINVALE
414207,*,179,179,0,0,0,179,180,0,0,1,0,1,0,0,0,0,0,0,0,0,0,0,0,0,0,0,0,24,0,0,24,24,0,0,0,0,0,0,0,0,0,0,0,0,0,0,0,0,0,0,0,0,0,0,0,0,MURRAY RIVER,-34.56709452,142.4072101,0,,COLIGNAN
414702,*,35,33,0,0,0,35,35,0,0,1,0,0,0,0,0,0,0,0,0,35,0,0,0,0,0,0,0,35,0,0,35,33,0,0,0,0,0,0,0,0,0,0,0,0,0,0,0,0,0,0,0,0,0,0,0,0,F.M.I.T. NORTH EAST DRAIN,-34.21067898,142.2200108,0,,BRUCES BEND
414703,*,37,36,0,0,0,37,37,0,0,1,0,0,0,0,0,0,0,0,0,38,0,0,0,0,0,0,0,38,0,0,38,37,0,0,0,0,0,0,0,0,0,0,0,0,0,0,0,0,0,0,0,0,0,0,0,0,RED CLIFFS DRAIN NO 1,-34.27440335,142.2104372,0,,BLOUNTS ROAD (BARNET ROAD)
414706,*,32,31,0,0,0,33,32,0,0,0,0,0,0,0,0,0,0,0,0,31,0,0,0,0,0,0,0,31,0,0,31,30,0,0,0,0,0,0,0,0,0,0,0,0,0,0,0,0,0,0,0,0,0,0,0,0,MERBEIN NORTH-WEST DRAIN,-34.13460575,141.981444,0,,U/S OF OUTFALL TO MURRAY R
414716,*,36,35,0,0,0,36,36,0,0,0,0,0,0,0,0,0,0,0,0,35,0,0,0,0,0,0,0,35,0,0,35,34,0,0,0,0,0,0,0,0,0,0,0,0,0,0,0,0,0,0,0,0,0,0,0,0,ROBINVALE NO 4 SYSTEM OUTFALL,-34.60445899,142.7407143,0,,PETHARD ROAD
414717,*,36,35,0,0,0,36,36,0,0,0,0,0,0,0,0,0,0,0,0,35,0,0,0,0,0,0,0,35,0,0,35,34,0,0,0,0,0,0,0,0,0,0,0,0,0,0,0,0,0,0,0,0,0,0,0,0,ROBINVALE NO 6 SYSTEM OUTFALL,-34.63663497,142.7013835,0,,MALAYA ROAD
414721,*,24,24,0,0,0,24,24,0,0,0,0,0,0,0,0,0,0,0,0,0,0,0,0,0,0,0,0,24,0,0,24,23,0,0,0,0,0,0,0,0,0,0,0,0,0,0,0,0,0,0,0,0,0,0,0,0,NANGILOC-COLIGNAN DRAIN,-34.50870495,142.3806733,0,,HEWETTS ROAD
414723,*,23,23,0,0,0,23,23,0,0,0,0,0,0,0,0,0,0,0,0,0,0,0,0,0,0,0,0,23,0,0,23,23,0,0,0,0,0,0,0,0,0,0,0,0,0,0,0,0,0,0,0,0,0,0,0,0,KULKYNE OUTFALL DRAIN,-34.56030547,142.4071394,0,,MANSELLS PUMP
414724,*,24,24,0,0,0,24,24,0,0,0,0,0,0,0,0,0,0,0,0,0,0,0,0,0,0,0,0,24,0,0,24,23,0,0,0,0,0,0,0,0,0,0,0,0,0,0,0,0,0,0,0,0,0,0,0,0,NANGILOC COLIGNAN DRAIN,-34.47027003,142.3535825,0,,NANGILOC
414728,*,24,24,0,0,0,24,24,0,0,0,0,0,0,0,0,0,0,0,0,0,0,0,0,0,0,0,0,24,0,0,24,24,0,0,0,0,0,0,0,0,0,0,0,0,0,0,0,0,0,0,0,0,0,0,0,0,BROWN'S GROUP DRAINAGE AREA,-34.54873671,142.3882218,0,,BROWN'S ROAD
415200,*,363,362,0,0,0,360,363,0,0,372,0,0,2,0,0,0,0,0,0,359,2,2,2,0,0,0,0,371,0,0,371,369,2,2,2,0,261,280,280,280,0,2,280,2,193,0,280,0,2,280,0,0,2,0,0,0,WIMMERA RIVER,-36.7399112,142.1471631,0,,HORSHAM
415201,*,470,470,0,0,0,470,470,0,0,346,0,0,50,0,0,0,0,0,0,346,50,49,50,0,0,0,0,345,0,0,345,295,49,49,50,0,0,1,1,1,6,46,1,46,5,0,1,0,46,1,0,0,42,0,0,0,WIMMERA RIVER,-36.9093,142.64297,0,,GLENORCHY WEIR TAIL GAUGE
415202,*,153,153,0,0,0,153,174,0,0,0,0,21,3,0,0,0,0,0,0,0,0,0,0,0,0,0,0,21,0,0,21,21,0,0,0,0,0,0,0,0,0,0,0,0,0,0,0,0,0,0,0,0,0,0,0,0,MACKENZIE RIVER,-37.10764089,142.4244374,0,,WARTOOK RESERVOIR
415203,*,323,325,0,0,0,323,326,0,0,58,0,0,0,0,0,0,0,0,0,0,0,0,0,0,0,0,0,0,0,0,0,0,0,0,0,0,0,0,0,0,0,0,0,0,0,0,0,0,0,0,0,0,0,0,0,0,MOUNT WILLIAM CREEK,-37.03057,142.58359,0,,LAKE LONSDALE (TAIL GAUGE)
415207,*,358,358,0,0,0,357,358,0,0,366,0,0,0,0,0,0,0,0,0,366,0,0,0,0,0,0,0,366,0,0,367,365,0,0,0,0,3,3,3,3,0,0,3,0,2,0,3,0,0,3,0,0,0,0,0,0,WIMMERA RIVER,-37.1850388,143.1846274,0,,EVERSLEY
415214,*,178,178,0,0,0,178,178,0,0,0,0,0,0,0,0,0,0,0,0,0,0,0,0,0,0,0,0,0,0,0,0,0,0,0,0,0,0,0,0,0,0,0,0,0,0,0,0,0,0,0,0,0,0,0,0,0,FYANS CREEK,-37.16961,142.54215,0,,LAKE BELLFIELD
415217,*,173,173,0,0,0,173,173,0,0,0,0,0,0,0,0,0,0,0,0,0,0,0,0,0,0,0,0,0,0,0,0,0,0,0,0,0,0,0,0,0,0,0,0,0,0,0,0,0,0,0,0,0,0,0,0,0,FYANS CREEK,-37.250863,142.535748,0,,GRAMPIANS ROAD BRIDGE
415220,*,257,257,0,0,0,257,257,0,0,168,0,0,0,0,0,0,0,0,0,130,0,0,0,0,0,0,0,138,0,0,138,138,0,0,0,0,9,9,9,9,0,0,9,0,9,0,9,0,0,9,0,0,0,0,0,0,AVON RIVER,-36.64058,142.97865,0,,WIMMERA HIGHWAY
415227,*,0,0,0,0,0,0,102,0,0,1,0,103,8,0,0,0,0,0,0,1,0,0,0,0,0,0,2,104,0,0,104,103,0,0,0,0,0,0,0,0,0,0,0,0,0,0,0,0,0,0,0,0,0,0,0,0,MOUNT WILLIAM CREEK,-37.030225,142.586322,0,,LAKE LONSDALE (HEAD GAUGE)
415228,*,0,0,0,0,0,3,70,0,0,1,0,70,1,0,0,0,0,0,0,0,1,1,1,0,0,0,68,70,1,0,70,70,1,1,1,0,0,0,0,0,1,0,0,0,0,0,0,0,0,0,0,0,0,0,0,0,MACKENZIE RIVER,-37.093464,142.434475,0,,WARTOOK RESERVOIR (HEAD GAUGE)
415229,*,0,0,0,0,0,3,68,0,0,0,0,68,0,0,0,0,0,0,0,0,0,0,0,0,0,0,64,68,1,0,68,68,0,0,0,0,0,0,0,0,0,0,0,0,0,0,0,0,0,0,0,0,0,0,0,0,FYANS CREEK,-37.17375,142.547372,0,,LAKE BELLFIELD (HEAD GAUGE)
415237,*,275,275,0,0,0,275,276,0,0,58,0,0,0,0,0,0,0,0,0,0,0,0,0,0,0,0,0,0,0,0,0,0,0,0,0,0,0,0,0,0,0,0,0,0,0,0,0,0,0,0,0,0,0,0,0,0,CONCONGELLA CREEK,-37.0257429,142.8217764,0,,STAWELL
415246,*,335,334,0,0,0,333,335,0,0,338,0,0,0,0,0,0,0,0,0,337,0,0,0,0,0,0,0,338,0,0,338,337,0,0,0,0,218,238,238,238,0,0,238,0,151,0,238,0,0,238,0,0,0,0,0,0,WIMMERA RIVER,-36.4083953,141.9744346,0,,LOCHIEL RAILWAY BRIDGE
415251,*,210,211,0,0,0,215,210,0,0,183,0,0,0,0,0,0,0,0,0,170,0,0,0,0,0,0,0,169,0,0,169,171,0,0,0,0,0,0,0,0,0,0,0,0,0,0,0,0,0,0,0,0,0,0,0,0,MACKENZIE RIVER,-36.80823068,142.179346,0,,MCKENZIE CREEK
415257,*,254,257,0,0,0,254,257,0,0,248,0,0,0,0,0,0,0,0,0,234,0,0,0,0,0,0,0,235,0,0,235,231,0,0,0,0,0,0,0,0,0,0,0,0,0,0,0,0,0,0,0,0,0,0,0,0,RICHARDSON RIVER,-36.42840634,142.9841975,0,,DONALD
415259,*,164,165,0,0,0,164,164,0,0,154,0,0,0,0,0,0,0,0,0,142,0,0,0,0,0,0,0,145,0,0,145,144,0,0,0,0,0,0,0,0,0,0,0,0,0,0,0,0,0,0,0,0,0,0,0,0,RICHARDSON RIVER,-36.57132147,142.8254133,0,,BANYENA
415600,*,136,136,0,0,0,128,132,0,0,63,0,0,0,0,0,0,0,0,0,5,0,0,0,0,0,0,0,5,0,0,5,5,0,0,0,0,0,0,0,0,0,0,0,0,0,0,0,0,0,0,0,0,0,4,0,0,LAKE HINDMARSH,-36.13062748,141.9546861,0,,JEPARIT
415601,*,101,101,0,0,0,101,101,0,0,58,0,0,0,0,0,0,0,0,0,0,0,0,0,0,0,0,0,0,0,0,0,0,0,0,0,0,0,0,0,0,0,0,0,0,0,0,0,0,0,0,0,0,0,0,0,0,LAKE ALBACUTYA,-35.80319631,141.9528771,0,,RAINBOW
415602,*,63,63,0,0,0,50,59,0,0,55,0,0,0,0,0,0,0,0,0,12,0,0,0,0,0,0,0,12,0,0,12,12,0,0,0,0,0,0,0,0,0,0,0,0,0,0,0,0,0,0,0,0,0,11,0,0,LAKE NATIMUK,-36.7155883,141.940858,0,,HORSHAM
415604,*,46,46,0,0,0,46,46,0,0,42,0,0,0,0,0,0,0,0,0,0,0,0,0,0,0,0,0,0,0,0,0,0,0,0,0,0,0,0,0,0,0,0,0,0,0,0,0,0,0,0,0,0,0,0,0,0,LAKE BULOKE,-36.3043,142.98663,0,,DONALD
415608,*,12,12,0,0,0,16,198,0,0,0,0,186,7,0,0,0,0,0,0,0,0,0,0,0,0,0,70,186,0,0,186,183,0,0,0,0,0,0,0,0,0,0,0,0,0,0,0,0,0,0,0,0,0,0,0,0,TAYLORS LAKE,-36.76468115,142.3790457,0,,
415610,*,0,0,0,0,0,3,185,0,0,0,0,185,8,0,0,0,0,0,0,0,0,0,0,0,0,0,65,185,1,0,185,182,0,0,0,0,0,0,0,0,0,0,0,0,0,0,0,0,0,0,0,0,0,0,0,0,LAKE FYANS,-37.13480401,142.610542,0,,
415612,*,0,0,0,0,0,0,119,0,0,0,0,119,6,0,0,0,0,0,0,0,0,0,0,0,0,0,0,119,0,0,119,118,0,0,0,0,0,0,0,0,0,0,0,0,0,0,0,0,1,0,0,0,0,0,0,0,GREEN LAKE (NEAR HORSHAM),-36.78738214,142.2903573,0,,
426200,*,162,162,0,0,0,162,162,0,0,49,0,0,47,0,0,0,0,0,0,50,46,47,46,0,0,0,0,49,0,0,50,3,47,46,47,0,0,0,0,0,1,46,0,46,0,0,0,0,47,0,0,0,45,0,0,0,MURRAY RIVER,-34.062193,141.244785,0,,BELOW RUFUS RIVER. OPERATIONAL TABLES
