STATION,CurrentSite,Field pH,Field DO,Field Temp,Field SampTemp,Field AirTemp,Field SampDepth,Field Turb,Field EC,EC,Color,Temp,pH,Total Alk,BiCarb,Cab,OH,Hardness,CalcHardness,Calc TDS,TSS,Ca,Cl,Mg,Nitrate,Nitrite,NO3+NO2,Ammonia,Kjeldahl N,Total N,DO,Total P,FRP,K,Na,SO4,Al,As,Cd,Cr,Cu,F,Fe,Pb,Mn,Hg,Mo,Ni,Se,SiO2,Zn,Anions,Cations,TOC,DOC,Chlorophyll-a,Phaeophytin
-------,-----------,--------,--------,----------,--------------,-------------,---------------,----------,--------,--,-----,----,--,---------,------,---,--,--------,------------,--------,---,--,--,--,-------,-------,-------,-------,----------,-------,--,-------,---,-,--,---,--,--,--,--,--,-,--,--,--,--,--,--,--,----,--,------,-------,---,---,-------------,-----------
221001,*,319,312,0,0,0,315,331,0,0,331,0,0,0,0,0,0,0,0,0,331,0,0,0,0,0,0,9,331,0,0,331,327,0,0,0,0,0,0,0,0,0,0,0,0,0,0,0,0,0,0,0,0,0,0,0,0
221201,*,360,354,0,0,0,358,372,0,0,370,0,0,2,0,0,0,0,0,0,369,2,2,2,0,0,0,9,370,0,0,370,364,2,2,2,0,0,0,0,0,0,2,0,2,0,0,0,0,2,0,0,0,2,0,0,0
221207,*,464,457,0,0,0,464,476,0,0,294,0,0,0,0,0,0,0,0,0,294,0,0,0,0,0,0,9,294,0,0,295,289,0,0,0,0,0,0,0,0,0,0,0,0,0,0,0,0,0,0,0,0,0,0,0,0
221208,*,345,339,0,0,0,344,357,0,0,211,0,0,0,0,0,0,0,0,0,210,0,0,0,0,0,0,9,210,0,0,210,209,0,0,0,0,0,0,0,0,0,0,0,0,0,0,0,0,0,0,0,0,0,0,0,0
221209,*,192,192,0,0,0,192,192,0,0,0,0,0,0,0,0,0,0,0,0,0,0,0,0,0,0,0,0,0,0,0,0,0,0,0,0,0,0,0,0,0,0,0,0,0,0,0,0,0,0,0,0,0,0,0,0,0
221210,*,362,355,0,0,0,360,374,0,0,370,0,0,2,0,0,0,0,0,0,370,2,2,2,0,0,0,9,370,0,0,370,363,2,2,2,0,0,0,0,0,0,2,0,2,0,0,0,0,2,0,0,0,2,0,0,0
221211,*,224,221,0,0,0,222,233,0,0,228,0,0,0,0,0,0,0,0,0,227,0,0,0,0,0,0,3,227,0,0,228,225,0,0,0,0,0,0,0,0,0,0,0,0,0,0,0,0,0,0,0,0,0,0,0,0
221212,*,362,355,0,0,0,359,372,0,0,364,0,0,2,0,0,0,0,0,0,364,2,2,2,0,0,0,9,364,0,0,365,359,2,2,2,0,0,0,0,0,0,2,0,2,0,0,0,0,2,0,0,0,2,0,0,0
221213,,16,16,0,0,0,16,16,0,0,0,0,0,0,0,0,0,0,0,0,0,0,0,0,0,0,0,0,0,0,0,0,0,0,0,0,0,0,0,0,0,0,0,0,0,0,0,0,0,0,0,0,0,0,0,0,0
221214,,154,153,0,0,0,154,166,0,0,101,0,0,0,0,0,0,0,0,0,101,0,0,0,0,0,0,0,101,0,0,101,101,0,0,0,0,0,0,0,0,0,0,0,0,0,0,0,0,0,0,0,0,0,0,0,0
221601,,11,0,0,0,0,0,11,0,0,7,0,0,0,0,0,0,0,0,0,7,0,0,0,0,0,0,0,7,0,0,7,5,0,0,0,0,0,0,0,0,0,0,0,0,0,0,0,0,0,0,0,0,0,7,0,0
222200,*,361,353,0,0,0,359,374,0,0,367,0,0,1,0,0,0,0,0,0,356,1,1,1,0,0,0,9,367,0,0,367,364,1,1,1,0,216,216,216,216,0,1,216,1,216,0,216,0,1,216,0,0,1,0,0,0
222201,*,96,96,0,0,0,96,96,0,0,71,0,0,0,0,0,0,0,0,0,70,0,0,0,0,0,0,0,71,0,0,71,69,0,0,0,0,0,0,0,0,0,0,0,0,0,0,0,0,0,0,0,0,0,0,0,0
222202,*,362,355,0,0,0,359,375,0,0,365,0,0,1,0,0,0,0,0,0,364,1,1,1,0,0,0,9,364,0,0,363,362,1,1,1,0,0,0,0,0,0,1,0,1,0,0,0,0,1,0,0,0,1,0,0,0
222206,*,313,308,0,0,0,311,325,0,0,323,0,0,2,0,0,0,0,0,0,322,2,2,2,0,0,0,8,323,0,0,323,319,2,2,2,0,0,0,0,0,0,2,0,2,0,0,0,0,2,0,0,0,2,0,0,0
222209,*,361,357,0,0,0,359,373,0,0,366,0,0,0,0,0,0,0,0,0,366,0,0,0,0,0,0,8,365,1,0,366,364,0,0,0,0,0,0,0,0,0,0,0,0,0,0,0,0,0,0,0,0,0,0,0,0
222210,*,277,277,0,0,0,276,277,0,0,99,0,0,0,0,0,0,0,0,0,99,0,0,0,0,0,0,0,99,0,0,99,99,0,0,0,0,0,0,0,0,0,0,0,0,0,0,0,0,0,0,0,0,0,0,0,0
222212,,54,54,0,0,0,54,54,0,0,0,0,0,0,0,0,0,0,0,0,0,0,0,0,0,0,0,0,0,0,0,0,0,0,0,0,0,0,0,0,0,0,0,0,0,0,0,0,0,0,0,0,0,0,0,0,0
222213,*,272,272,0,0,0,272,272,0,0,98,0,0,0,0,0,0,0,0,0,98,0,0,0,0,0,0,0,98,0,0,98,98,0,0,0,0,0,0,0,0,0,0,0,0,0,0,0,0,0,0,0,0,0,0,0,0
222216,,40,40,0,0,0,40,40,0,0,0,0,0,0,0,0,0,0,0,0,0,0,0,0,0,0,0,0,0,0,0,0,0,0,0,0,0,0,0,0,0,0,0,0,0,0,0,0,0,0,0,0,0,0,0,0,0
222217,*,346,338,0,0,0,342,359,0,0,324,0,0,0,0,0,0,0,0,0,321,0,0,0,0,0,0,8,322,0,0,321,321,0,0,0,0,0,0,0,0,0,0,0,0,0,0,0,0,0,0,0,0,0,0,0,0
222218,,26,26,0,0,0,26,26,0,0,0,0,0,0,0,0,0,0,0,0,0,0,0,0,0,0,0,0,0,0,0,0,0,0,0,0,0,0,0,0,0,0,0,0,0,0,0,0,0,0,0,0,0,0,0,0,0
222219,*,175,174,0,0,0,174,179,0,0,183,0,0,0,0,0,0,0,0,0,183,0,0,0,0,0,0,3,183,0,0,183,182,0,0,0,0,1,1,1,1,0,0,1,0,1,0,1,0,0,1,0,0,0,0,0,0
223202,*,362,364,0,0,0,362,378,0,0,375,0,1,2,0,0,0,0,0,0,375,2,2,2,0,0,0,7,375,0,0,375,365,2,2,2,0,0,0,0,0,0,2,0,2,0,0,0,0,2,0,0,0,2,0,0,0
223204,*,346,349,0,0,0,346,362,0,0,329,0,1,0,0,0,0,0,0,0,329,0,0,0,0,0,0,8,330,0,0,330,328,0,0,0,0,0,0,0,0,0,0,0,0,0,0,0,0,0,0,0,0,0,0,0,0
223205,*,276,276,0,0,0,276,276,0,0,145,0,0,46,0,0,0,0,0,0,145,46,46,46,0,0,0,0,144,0,0,144,94,46,46,46,0,0,0,0,0,2,45,0,45,2,0,0,0,46,0,0,0,42,0,0,0
223209,*,17,17,0,0,0,17,17,0,0,205,0,0,0,0,0,0,0,0,0,203,0,0,0,0,0,0,0,205,0,0,205,204,0,0,0,0,0,0,0,0,0,0,0,0,0,0,0,0,0,0,0,0,0,0,0,0
223210,*,627,627,0,0,0,629,681,0,0,724,0,1,0,0,0,0,0,0,0,723,0,0,0,0,0,0,0,724,0,0,723,725,0,0,0,0,1,1,1,1,0,0,1,0,1,0,1,0,0,1,0,0,0,0,0,0
223212,*,196,196,0,0,0,196,196,0,0,98,0,0,0,0,0,0,0,0,0,97,0,0,0,0,0,0,0,98,0,0,98,97,0,0,0,0,0,0,0,0,0,0,0,0,0,0,0,0,0,0,0,0,0,0,0,0
223213,,287,289,0,0,0,289,300,0,0,269,0,0,0,0,0,0,0,0,0,269,0,0,0,0,0,0,0,269,0,0,269,264,0,0,8,0,11,4,5,12,0,0,12,8,2,0,5,0,0,12,0,0,0,0,0,0
223214,*,359,361,0,0,0,359,373,0,0,369,0,1,0,0,0,0,0,0,0,369,0,0,0,0,0,0,7,369,0,0,369,360,0,0,11,0,14,4,8,15,0,0,15,11,2,0,8,0,0,15,0,0,0,0,0,0
223215,*,96,96,0,0,0,96,97,0,0,4,0,0,0,0,0,0,0,0,0,4,0,0,0,0,0,0,0,4,0,0,4,4,0,0,0,0,0,0,0,0,0,0,0,0,0,0,0,0,0,0,0,0,0,0,0,0
224200,*,4,4,0,0,0,4,5,0,0,4,0,0,0,0,0,0,0,0,0,4,0,0,0,0,0,0,4,4,0,0,4,4,0,0,0,0,1,1,1,1,0,0,1,0,1,0,1,0,0,1,0,0,0,0,0,0
224201,*,179,179,0,0,0,179,179,0,0,47,0,0,47,0,0,0,0,0,0,47,47,47,47,0,0,0,0,46,0,0,45,0,47,47,47,0,0,0,0,0,0,47,0,47,0,0,0,0,45,0,0,0,43,0,0,0
224203,*,361,363,0,0,0,361,376,0,0,367,0,1,2,0,0,0,0,0,0,363,2,2,2,0,0,0,8,364,0,0,364,358,2,2,2,0,5,5,5,5,0,2,5,2,5,0,5,0,2,5,0,0,2,0,0,0
224206,*,355,358,0,0,0,358,371,0,0,364,0,1,2,0,0,0,0,0,0,365,2,2,2,0,0,0,5,365,0,0,365,354,2,2,2,0,0,0,0,0,0,2,0,2,0,0,0,0,2,0,0,0,2,0,0,0
224213,*,358,362,0,0,0,360,375,0,0,367,0,1,0,0,0,0,0,0,0,367,0,0,0,0,0,0,7,367,0,0,367,362,0,0,0,0,0,0,0,0,0,0,0,0,0,0,0,0,0,0,0,0,0,0,0,0
224215,,197,196,0,0,0,197,240,0,0,69,0,0,0,0,0,0,0,0,0,69,0,0,0,0,0,0,0,69,0,0,69,69,0,0,0,0,0,0,0,0,0,0,0,0,0,0,0,0,0,0,0,0,0,0,0,0
224217,*,639,639,0,0,0,641,691,0,0,1035,0,2,0,0,0,0,0,0,0,1034,0,0,0,0,0,0,4,1043,0,0,1043,1027,0,0,0,0,149,149,149,149,0,0,149,0,149,0,149,0,0,149,0,0,0,0,0,0
225103,,46,46,0,0,0,46,46,0,0,13,0,0,0,0,0,0,0,0,0,11,0,0,0,0,0,0,0,13,0,0,13,13,0,0,0,0,0,0,0,0,0,0,0,0,0,0,0,0,0,0,0,0,0,0,0,0
225114,*,303,303,0,0,0,301,317,0,0,316,0,0,0,0,0,0,0,0,0,317,0,0,0,0,0,0,8,317,0,0,317,312,0,0,0,0,1,1,1,1,0,0,1,0,1,0,1,0,0,1,0,0,0,0,0,0
225200,,86,86,0,0,0,86,99,0,0,88,0,0,0,0,0,0,0,0,0,88,0,0,0,0,0,0,0,88,0,0,88,88,0,0,0,0,0,0,0,0,0,0,0,0,0,0,0,0,0,0,0,0,0,0,0,0
225201,*,327,327,0,0,0,326,340,0,0,334,0,1,0,0,0,0,0,0,0,323,0,0,0,0,0,0,8,334,0,0,334,333,0,0,0,0,214,214,214,214,0,0,214,0,214,0,214,0,0,214,0,0,0,0,0,0
225204,,496,497,0,0,0,497,615,0,0,359,104,50,49,0,0,0,0,0,0,358,49,49,49,0,0,0,8,358,50,91,444,304,47,49,49,0,0,0,0,0,6,46,0,46,5,0,0,0,47,0,0,0,41,0,0,0
225208,,173,173,0,0,0,173,173,0,0,50,0,0,50,0,0,0,0,0,0,50,50,50,50,0,0,0,0,48,0,0,49,0,48,50,50,0,0,0,0,0,0,46,0,46,0,0,0,0,48,0,0,0,46,0,0,0
225209,*,480,480,0,0,0,480,500,0,0,343,8,84,122,0,0,0,0,0,0,347,122,122,122,0,0,0,8,340,4,8,351,290,121,122,122,0,0,0,0,0,1,48,0,48,0,0,0,0,46,0,0,0,47,0,0,0
225210,*,362,362,0,0,0,360,377,0,0,362,1,1,0,0,0,0,0,0,0,361,0,0,0,0,0,0,8,362,0,1,362,354,0,0,0,0,1,1,1,1,0,0,1,0,1,0,1,0,0,1,0,0,0,0,0,0
225212,*,251,251,0,0,0,251,266,0,0,152,1,28,28,0,0,0,0,0,0,150,28,28,28,0,0,0,0,151,0,0,152,149,28,28,28,0,0,0,0,0,0,0,0,0,0,0,0,0,0,0,0,0,0,0,0,0
225213,*,279,279,0,0,0,277,292,0,0,280,0,0,0,0,0,0,0,0,0,278,0,0,0,0,0,0,0,278,0,0,278,266,0,0,0,0,1,1,1,1,0,0,1,0,1,0,1,0,0,1,0,0,0,0,0,0
225217,,138,138,0,0,0,138,146,0,0,0,8,8,0,0,0,0,0,0,0,4,0,0,0,0,0,0,0,0,5,8,8,0,0,0,0,0,0,0,0,0,0,2,0,2,0,0,0,0,0,0,0,0,4,0,0,0
225218,*,350,350,0,0,0,350,362,0,0,179,0,0,0,0,0,0,0,0,0,180,0,0,0,0,0,0,0,180,0,0,180,172,0,0,0,0,0,0,0,0,0,0,0,0,0,0,0,0,0,0,0,0,0,0,0,0
225219,*,44,44,0,0,0,44,51,0,0,0,7,7,0,0,0,0,0,0,0,3,0,0,0,0,0,0,0,0,3,7,7,0,0,0,0,0,0,0,0,0,0,2,0,2,0,0,0,0,0,0,0,0,3,0,0,0
225223,*,266,265,0,0,0,264,279,0,0,242,0,27,27,0,0,0,0,0,0,241,27,27,27,0,0,0,0,241,0,0,241,239,27,27,27,0,0,0,0,0,0,0,0,0,0,0,0,0,0,0,0,0,0,0,0,0
225224,*,309,309,0,0,0,309,328,0,0,144,6,5,0,0,0,0,0,0,0,144,0,0,0,0,0,0,8,144,0,6,149,144,0,0,0,0,0,0,0,0,0,0,0,0,0,0,0,0,0,0,0,0,0,0,0,0
225225,,0,0,0,0,0,0,77,0,0,0,0,77,7,0,0,0,0,0,0,0,0,0,0,0,0,0,0,77,0,0,77,77,0,0,0,0,0,0,0,0,0,0,0,0,0,0,0,0,0,0,0,0,0,0,0,0
225228,,1,1,0,0,0,1,160,0,0,0,160,54,0,0,0,0,0,0,0,0,0,0,0,0,0,0,0,0,90,141,133,0,0,0,0,0,0,0,0,0,0,0,0,0,0,0,0,0,0,0,0,0,0,0,0,0
225230,,219,219,0,0,0,219,231,0,0,78,0,0,0,0,0,0,0,0,0,78,0,0,0,0,0,0,0,78,0,0,78,78,0,0,0,0,0,0,0,0,0,0,0,0,0,0,0,0,0,0,0,0,0,0,0,0
225231,*,207,207,0,0,0,204,220,0,0,216,0,0,0,0,0,0,0,0,0,215,0,0,0,0,0,0,8,215,0,0,215,215,0,0,0,0,0,0,0,0,0,0,0,0,0,0,0,0,0,0,0,0,0,0,0,0
225232,*,251,250,0,0,0,249,785,0,0,696,530,14,0,0,0,0,0,0,0,678,0,0,0,0,0,0,19,692,465,456,1155,691,0,0,0,0,640,640,640,640,0,0,640,0,640,0,640,0,0,640,0,0,0,0,0,0
225234,*,632,632,0,0,0,631,802,0,0,720,117,61,0,0,0,0,0,0,0,717,0,0,0,0,0,0,0,719,49,103,814,719,0,0,0,0,0,0,0,0,0,0,0,0,0,0,0,0,0,0,0,0,0,0,0,0
225236,,85,85,0,0,0,85,98,0,0,94,0,0,0,0,0,0,0,0,0,94,0,0,0,0,0,0,0,94,0,0,94,94,0,0,0,0,0,0,0,0,0,0,0,0,0,0,0,0,0,0,0,0,0,0,0,0
225247,*,118,118,0,0,0,118,258,0,0,128,125,58,0,0,0,0,0,0,0,127,0,0,0,0,0,0,0,127,54,95,231,127,0,0,0,0,0,0,0,0,0,0,0,0,0,0,0,0,0,0,0,0,0,0,0,0
225248,,41,40,0,0,0,41,53,0,0,42,0,0,0,0,0,0,0,0,0,42,0,0,0,0,0,0,0,42,0,0,42,41,0,0,0,0,0,0,0,0,0,0,0,0,0,0,0,0,0,0,0,0,0,0,0,0
225254,,234,235,0,0,0,237,325,0,0,241,60,35,1,1,1,1,0,0,0,241,1,1,1,1,1,0,1,240,20,48,283,241,1,1,1,0,0,1,1,1,0,1,1,1,1,1,1,1,1,1,0,0,0,0,0,0
226005,*,309,310,0,0,0,310,310,0,0,192,0,76,122,0,0,0,0,0,0,192,122,122,122,0,0,0,0,192,0,0,192,144,122,122,121,0,0,0,0,0,3,46,0,46,3,0,0,0,45,0,0,0,45,0,0,0
226007,*,200,199,0,0,0,198,213,0,0,210,0,0,0,0,0,0,0,0,0,198,0,0,0,0,0,0,1,210,0,0,210,210,0,0,0,0,210,210,210,210,0,0,210,0,210,0,210,0,0,210,0,0,0,0,0,0
226008,*,67,67,0,0,0,66,84,0,0,80,0,0,0,0,0,0,0,0,0,79,0,0,0,0,0,0,1,80,0,0,80,80,0,0,0,0,0,0,0,0,0,0,0,0,0,0,0,0,0,0,0,0,0,0,0,0
226017,*,200,199,0,0,0,198,213,0,0,211,0,0,0,0,0,0,0,0,0,198,0,0,0,0,0,0,1,210,0,0,210,209,0,0,0,0,209,209,209,209,0,0,209,0,209,0,209,0,0,209,0,0,0,0,0,0
226021,*,77,77,0,0,0,77,91,0,0,83,0,0,0,0,0,0,0,0,0,83,0,0,0,0,0,0,0,83,0,0,83,82,0,0,0,0,0,0,0,0,0,0,0,0,0,0,0,0,0,0,0,0,0,0,0,0
226028,*,163,163,0,0,0,161,176,0,0,126,0,0,0,0,0,0,0,0,0,126,0,0,0,0,0,0,0,143,3,0,143,143,0,0,0,0,0,0,0,0,0,0,0,0,0,0,0,0,0,0,0,0,0,0,0,0
226033,,125,123,0,0,0,125,455,0,0,133,311,40,0,0,0,0,0,0,0,133,0,0,0,0,0,0,9,133,327,238,670,133,0,0,0,0,0,0,0,0,0,0,0,0,0,0,0,0,0,0,0,0,0,0,0,0
226041,*,1,0,0,0,0,0,1,0,0,0,0,0,0,0,0,0,0,0,0,0,0,0,0,0,0,0,0,0,0,0,0,0,0,0,0,0,0,0,0,0,0,0,0,0,0,0,0,0,0,0,0,0,0,0,0,0
226204,*,316,315,0,0,0,314,329,0,0,322,0,0,0,0,0,0,0,0,0,320,0,0,0,0,0,0,9,320,0,0,320,320,0,0,0,0,0,0,0,0,0,0,0,0,0,0,0,0,0,0,0,0,0,0,0,0
226205,*,257,257,0,0,0,257,257,0,0,99,0,0,0,0,0,0,0,0,0,98,0,0,0,0,0,0,0,99,0,0,99,99,0,0,0,0,0,0,0,0,0,0,0,0,0,0,0,0,0,0,0,0,0,0,0,0
226209,*,195,194,0,0,0,193,207,0,0,205,0,0,0,0,0,0,0,0,0,205,0,0,0,0,0,0,0,205,0,0,205,204,0,0,0,0,0,0,0,0,0,0,0,0,0,0,0,0,0,0,0,0,0,0,0,0
226216,*,245,245,0,0,0,245,258,0,0,131,0,0,43,0,0,0,0,0,0,131,43,43,43,0,0,0,0,131,0,0,131,87,43,43,43,0,0,0,0,0,0,43,0,43,0,0,0,0,42,0,0,0,43,0,0,0
226220,*,159,159,0,0,0,159,159,0,0,1,0,1,1,0,0,0,0,0,0,1,1,1,1,0,0,0,0,1,0,0,1,1,1,1,1,0,0,0,0,0,0,0,0,0,0,0,0,0,0,0,0,0,0,0,0,0
226222,*,431,430,0,0,0,431,443,0,0,293,1,76,114,0,0,0,0,0,0,291,114,114,114,0,0,0,9,292,0,1,292,254,114,114,114,0,0,0,0,0,0,38,0,38,0,0,0,0,38,0,0,0,35,0,0,0
226226,*,345,344,0,0,0,343,357,0,0,216,0,0,0,0,0,0,0,0,0,216,0,0,0,0,0,0,9,216,0,0,216,215,0,0,0,0,1,1,1,1,0,0,1,0,1,0,1,0,0,1,0,0,0,0,0,0
226227,*,251,250,0,0,0,249,835,0,0,685,586,12,0,0,0,0,0,0,0,681,0,0,0,0,0,0,19,669,525,515,1197,663,0,0,0,0,1,1,1,1,0,0,1,0,1,0,1,0,0,1,0,0,0,0,0,0
226228,*,362,362,0,0,0,360,381,0,0,371,1,5,2,0,0,0,0,0,0,356,2,2,2,0,0,0,9,370,0,0,375,361,2,2,2,0,220,220,220,220,0,2,220,2,220,0,220,0,2,220,0,0,2,0,0,0
226235,*,66,66,0,0,0,65,83,0,0,79,0,0,0,0,0,0,0,0,0,79,0,0,0,0,0,0,1,79,0,0,79,79,0,0,0,0,0,0,0,0,0,0,0,0,0,0,0,0,0,0,0,0,0,0,0,0
226237,,180,173,0,0,0,180,197,0,0,167,0,0,14,14,14,14,0,0,0,168,14,14,14,14,14,0,14,0,0,0,14,14,14,14,14,0,0,14,14,14,0,14,14,14,14,14,14,14,14,14,0,0,0,0,0,0
226241,,179,172,0,0,0,178,196,0,0,167,0,0,14,14,14,14,0,0,0,167,14,14,14,14,14,0,14,0,0,0,14,14,14,14,14,0,0,14,14,14,0,14,14,14,14,14,14,14,14,14,0,0,0,0,0,0
226242,,179,174,0,0,0,179,196,0,0,168,0,0,5,5,5,5,0,0,0,168,5,5,5,5,5,0,5,0,0,0,5,5,5,5,5,0,0,5,5,5,0,5,5,5,5,5,5,5,5,5,0,0,0,0,0,0
226243,,254,252,0,0,0,254,340,0,0,262,61,37,1,1,1,1,0,0,0,261,1,1,1,1,1,0,1,261,20,47,302,261,1,1,1,0,0,1,1,1,1,1,1,1,1,1,1,1,1,1,0,0,0,0,0,0
226402,*,349,348,0,0,0,347,361,0,0,326,1,0,0,0,0,0,0,0,0,313,0,0,0,0,0,0,9,325,0,0,326,324,0,0,0,0,214,214,214,214,0,0,214,0,214,0,214,0,0,214,0,0,0,0,0,0
226408,*,189,188,0,0,0,187,202,0,0,201,0,0,0,0,0,0,0,0,0,201,0,0,0,0,0,0,0,201,0,0,201,201,0,0,0,0,0,0,0,0,0,0,0,0,0,0,0,0,0,0,0,0,0,0,0,0
226415,*,238,232,0,0,0,237,255,0,0,227,0,0,18,18,18,18,0,0,0,227,18,18,18,18,18,0,18,0,0,0,18,18,18,18,18,0,0,17,18,18,0,18,18,18,17,18,18,18,18,18,0,0,0,0,0,0
226600,,13,0,0,0,0,0,13,0,0,8,0,0,0,0,0,0,0,0,0,8,0,0,0,0,0,0,0,8,0,0,8,6,0,0,0,0,0,0,0,0,0,0,0,0,0,0,0,0,0,0,0,0,0,8,0,0
226601,,13,0,0,0,0,0,13,0,0,8,0,0,0,0,0,0,0,0,0,8,0,0,0,0,0,0,0,8,0,0,8,7,0,0,0,0,0,0,0,0,0,0,0,0,0,0,0,0,0,0,0,0,0,8,0,0
226612,,6,5,0,0,0,5,5,0,0,0,0,0,0,0,0,0,0,0,0,0,0,0,0,0,0,0,0,0,0,0,0,0,0,0,0,0,0,0,0,0,0,0,0,0,0,0,0,0,0,0,0,0,0,0,0,0
227200,*,304,304,0,0,0,306,319,0,0,308,0,0,2,0,0,0,0,0,0,307,2,2,2,0,0,0,9,308,0,0,308,306,2,2,2,0,0,0,0,0,0,2,0,2,0,0,0,0,2,0,0,0,2,0,0,0
227202,*,362,360,0,0,0,360,375,0,0,367,0,0,2,0,0,0,0,0,0,355,2,2,2,0,0,0,9,367,0,0,367,364,2,2,2,0,214,214,214,214,0,2,214,2,214,0,214,0,2,214,0,0,2,0,0,0
227205,*,150,150,0,0,0,150,150,0,0,0,0,0,0,0,0,0,0,0,0,0,0,0,0,0,0,0,0,0,0,0,0,0,0,0,0,0,0,0,0,0,0,0,0,0,0,0,0,0,0,0,0,0,0,0,0,0
227211,*,349,347,0,0,0,347,361,0,0,324,0,0,0,0,0,0,0,0,0,324,0,0,0,0,0,0,9,324,0,0,324,322,0,0,0,0,1,1,1,1,0,0,1,0,1,0,1,0,0,1,0,0,0,0,0,0
227225,*,170,171,0,0,0,171,171,0,0,135,0,0,0,0,0,0,0,0,0,135,0,0,0,0,0,0,9,135,0,0,135,133,0,0,0,0,0,0,0,0,0,0,0,0,0,0,0,0,0,0,0,0,0,0,0,0
227226,*,131,131,0,0,0,131,131,0,0,0,0,0,0,0,0,0,0,0,0,0,0,0,0,0,0,0,0,0,0,0,0,0,0,0,0,0,0,0,0,0,0,0,0,0,0,0,0,0,0,0,0,0,0,0,0,0
227227,*,271,271,0,0,0,271,271,0,0,99,0,0,0,0,0,0,0,0,0,98,0,0,0,0,0,0,0,99,0,0,99,97,0,0,0,0,0,0,0,0,0,0,0,0,0,0,0,0,0,0,0,0,0,0,0,0
227231,*,461,458,0,0,0,358,475,0,0,365,0,0,2,0,0,0,0,0,0,363,2,2,2,103,103,0,112,468,103,0,468,362,2,2,2,0,306,306,306,306,0,2,306,2,203,0,306,0,2,306,0,0,2,0,0,0
227232,*,156,156,0,0,0,156,156,0,0,83,0,0,0,0,0,0,0,0,0,79,0,0,0,0,0,0,0,79,0,0,79,79,0,0,0,0,0,0,0,0,0,0,0,0,0,0,0,0,0,0,0,0,0,0,0,0
227236,*,107,106,0,0,0,106,120,0,0,87,0,0,0,0,0,0,0,0,0,87,0,0,0,0,0,0,0,88,0,0,88,87,0,0,0,0,0,0,0,0,0,0,0,0,0,0,0,0,0,0,0,0,0,0,0,0
227237,*,349,348,0,0,0,348,362,0,0,323,0,0,0,0,0,0,0,0,0,321,0,0,0,0,0,0,9,323,0,0,323,323,0,0,0,0,201,201,201,201,0,0,201,0,201,0,201,0,0,201,0,0,0,0,0,0
227240,,292,292,0,0,0,294,308,0,0,166,0,0,0,0,0,0,0,0,0,166,0,0,0,0,0,0,9,166,0,0,166,165,0,0,0,0,0,0,0,0,0,0,0,0,0,0,0,0,0,0,0,0,0,0,0,0
227251,*,181,179,0,0,0,179,194,0,0,191,0,0,0,0,0,0,0,0,0,190,0,0,0,0,0,0,0,190,0,0,190,189,0,0,0,0,0,0,0,0,0,0,0,0,0,0,0,0,0,0,0,0,0,0,0,0
227253,*,192,191,0,0,0,191,205,0,0,203,0,0,0,0,0,0,0,0,0,203,0,0,0,0,0,0,0,203,0,0,203,203,0,0,0,0,0,0,0,0,0,0,0,0,0,0,0,0,0,0,0,0,0,0,0,0
227254,*,188,188,0,0,0,190,202,0,0,147,0,0,0,0,0,0,0,0,0,146,0,0,0,0,0,0,0,146,0,0,146,146,0,0,0,0,0,0,0,0,0,0,0,0,0,0,0,0,0,0,0,0,0,0,0,0
227258,*,163,163,0,0,0,160,175,0,0,114,0,0,0,0,0,0,0,0,0,113,0,0,0,0,0,0,0,113,0,0,113,113,0,0,0,0,0,0,0,0,0,0,0,0,0,0,0,0,0,0,0,0,0,0,0,0
227259,,115,114,0,0,0,40,121,0,0,39,0,0,0,0,0,0,0,0,0,33,0,0,0,76,76,0,76,109,76,0,109,33,0,0,0,0,76,76,76,76,0,0,76,0,0,0,76,0,0,76,0,0,0,0,0,0
227260,,20,21,0,0,0,22,29,0,0,21,0,0,0,0,0,0,0,0,0,21,0,0,0,0,0,0,0,21,0,0,21,21,0,0,0,0,0,0,0,0,0,0,0,0,0,0,0,0,0,0,0,0,0,0,0,0
227261,,64,64,0,0,0,64,77,0,0,68,0,0,0,0,0,0,0,0,0,66,0,0,0,0,0,0,0,66,0,0,66,66,0,0,0,0,0,0,0,0,0,0,0,0,0,0,0,0,0,0,0,0,0,0,0,0
227262,*,131,131,0,0,0,129,144,0,0,138,0,0,0,0,0,0,0,0,0,138,0,0,0,0,0,0,0,138,0,0,138,138,0,0,0,0,0,0,0,0,0,0,0,0,0,0,0,0,0,0,0,0,0,0,0,0
227265,,6,6,0,0,0,6,6,0,0,6,0,0,0,0,0,0,0,0,0,6,0,0,0,0,0,0,0,6,0,0,6,6,0,0,0,0,0,0,0,0,0,0,0,0,0,0,0,0,0,0,0,0,0,0,0,0
227272,*,55,55,0,0,0,53,55,0,0,56,0,0,0,0,0,0,0,0,0,56,0,0,0,0,0,0,0,56,0,0,56,56,0,0,0,0,0,0,0,0,0,0,0,0,0,0,0,0,0,0,0,0,0,0,0,0
228201,,174,174,0,0,0,174,174,0,0,0,0,0,0,0,0,0,0,0,0,0,0,0,0,0,0,0,0,0,0,0,0,0,0,0,0,0,0,0,0,0,0,0,0,0,0,0,0,0,0,0,0,0,0,0,0,0
228204,,219,219,0,0,0,219,219,0,0,99,0,0,49,0,0,0,0,0,0,99,49,49,49,0,0,0,0,97,0,0,96,50,48,49,49,0,0,0,0,0,0,46,0,46,0,0,0,0,47,0,0,0,44,0,0,0
228206,,162,162,0,0,0,162,162,0,0,0,0,0,0,0,0,0,0,0,0,0,0,0,0,0,0,0,0,0,0,0,0,0,0,0,0,0,0,0,0,0,0,0,0,0,0,0,0,0,0,0,0,0,0,0,0,0
228207,,272,272,0,0,0,272,272,0,0,108,0,0,0,0,0,0,0,0,0,108,0,0,0,0,0,0,0,108,0,0,108,108,0,0,0,0,0,0,0,0,0,0,0,0,0,0,0,0,0,0,0,0,0,0,0,0
228209,,152,152,0,0,0,152,152,0,0,84,0,0,34,0,0,0,0,0,0,84,34,34,34,0,0,0,0,84,0,0,83,47,34,34,34,0,0,0,0,0,0,34,0,34,0,0,0,0,34,0,0,0,32,0,0,0
228212,,158,158,0,0,0,158,158,0,0,0,0,0,0,0,0,0,0,0,0,0,0,0,0,0,0,0,0,0,0,0,0,0,0,0,0,0,0,0,0,0,0,0,0,0,0,0,0,0,0,0,0,0,0,0,0,0
228213,,270,270,0,0,0,270,270,0,0,137,0,0,49,0,0,0,0,0,0,137,48,50,49,0,0,0,0,136,0,0,136,87,49,50,49,0,0,0,0,0,7,46,0,46,5,0,0,0,47,0,0,0,46,0,0,0
228217,,160,160,0,0,0,160,160,0,0,0,0,0,0,0,0,0,0,0,0,0,0,0,0,0,0,0,0,0,0,0,0,0,0,0,0,0,0,0,0,0,0,0,0,0,0,0,0,0,0,0,0,0,0,0,0,0
228219,,160,160,0,0,0,160,160,0,0,0,0,0,0,0,0,0,0,0,0,0,0,0,0,0,0,0,0,0,0,0,0,0,0,0,0,0,0,0,0,0,0,0,0,0,0,0,0,0,0,0,0,0,0,0,0,0
228228,,173,173,0,0,0,173,173,0,0,0,0,0,0,0,0,0,0,0,0,0,0,0,0,0,0,0,0,0,0,0,0,0,0,0,0,0,0,0,0,0,0,0,0,0,0,0,0,0,0,0,0,0,0,0,0,0
228272,*,298,292,0,0,0,0,297,0,0,0,0,0,0,0,0,0,0,0,0,0,0,0,0,298,297,0,298,298,288,0,298,0,0,0,0,0,242,242,242,242,0,0,242,0,0,0,242,0,0,242,0,0,0,0,0,0
228273,*,125,119,0,0,0,0,125,0,0,0,0,0,0,0,0,0,0,0,0,0,0,0,0,125,125,0,125,125,125,0,125,0,0,0,0,0,125,125,125,125,0,0,125,0,0,0,125,0,0,125,0,0,0,0,0,0
228274,*,386,381,0,0,0,0,387,0,0,0,0,0,0,0,0,0,0,0,0,0,0,0,0,383,382,0,383,382,384,0,383,0,0,0,0,0,263,263,263,263,0,0,263,0,0,0,263,0,0,263,0,0,0,0,0,0
228275,*,126,121,0,0,0,0,125,0,0,0,0,0,0,0,0,0,0,0,0,0,0,0,0,126,126,0,126,126,126,0,126,0,0,0,0,0,126,126,126,126,0,0,126,0,0,0,126,0,0,126,0,0,0,0,0,0
228276,*,95,92,0,0,0,0,95,0,0,0,0,0,0,0,0,0,0,0,0,0,0,0,0,95,95,0,95,95,95,0,95,0,0,0,0,0,95,95,95,95,0,0,95,0,0,0,95,0,0,95,0,0,0,0,0,0
228277,*,95,92,0,0,0,0,95,0,0,0,0,0,0,0,0,0,0,0,0,0,0,0,0,95,95,0,95,95,95,0,95,0,0,0,0,0,95,95,95,95,0,0,95,0,0,0,95,0,0,95,0,0,0,0,0,0
228278,*,61,56,0,0,0,0,61,0,0,0,0,0,0,0,0,0,0,0,0,0,0,0,0,61,61,0,61,61,61,0,61,0,0,0,0,0,61,61,61,61,0,0,61,0,0,0,61,0,0,61,0,0,0,0,0,0
228279,*,103,100,0,0,0,0,103,0,0,0,0,0,0,0,0,0,0,0,0,0,0,0,0,103,103,0,103,103,103,0,103,0,0,0,0,0,103,103,103,103,0,0,103,0,0,0,103,0,0,103,0,0,0,0,0,0
228280,*,83,83,0,0,0,0,83,0,0,0,0,0,0,0,0,0,0,0,0,0,0,0,0,83,83,0,83,83,83,0,83,0,0,0,0,0,83,83,83,83,0,0,83,0,0,0,83,0,0,83,0,0,0,0,0,0
228281,*,127,121,0,0,0,0,126,0,0,0,0,0,0,0,0,0,0,0,0,0,0,0,0,127,127,0,127,127,127,0,127,0,0,0,0,0,127,127,127,127,0,0,127,0,0,0,127,0,0,127,0,0,0,0,0,0
228282,*,122,117,0,0,0,0,121,0,0,0,0,0,0,0,0,0,0,0,0,0,0,0,0,122,122,0,122,122,122,0,122,0,0,0,0,0,122,122,122,122,0,0,122,0,0,0,122,0,0,122,0,0,0,0,0,0
228283,*,77,75,0,0,0,0,77,0,0,0,0,0,0,0,0,0,0,0,0,0,0,0,0,77,77,0,77,77,77,0,77,0,0,0,0,0,77,77,77,77,0,0,77,0,0,0,77,0,0,77,0,0,0,0,0,0
228284,*,56,56,0,0,0,0,56,0,0,0,0,0,0,0,0,0,0,0,0,0,0,0,0,56,56,0,56,56,56,0,56,0,0,0,0,0,56,56,56,56,0,0,56,0,0,0,56,0,0,56,0,0,0,0,0,0
228285,*,98,98,0,0,0,0,98,0,0,0,0,0,0,0,0,0,0,0,0,0,0,0,0,98,98,0,98,98,98,0,98,0,0,0,0,0,98,98,98,98,0,0,98,0,0,0,98,0,0,98,0,0,0,0,0,0
228286,*,102,99,0,0,0,0,102,0,0,0,0,0,0,0,0,0,0,0,0,0,0,0,0,102,102,0,102,102,102,0,102,0,0,0,0,0,102,102,102,102,0,0,102,0,0,0,102,0,0,102,0,0,0,0,0,0
228386,*,304,298,0,0,0,0,303,0,0,0,0,0,0,0,0,0,0,0,0,0,0,0,0,304,304,0,304,303,304,0,303,0,0,0,0,0,236,236,236,236,0,0,236,0,0,0,236,0,0,236,0,0,0,0,0,0
228388,*,269,269,0,0,0,0,269,0,0,0,0,0,0,0,0,0,0,0,0,0,0,0,0,269,269,0,269,269,269,0,269,0,0,0,0,0,213,214,214,214,0,0,214,0,0,0,214,0,0,214,0,0,0,0,0,0
228398,*,125,119,0,0,0,0,125,0,0,0,0,0,0,0,0,0,0,0,0,0,0,0,0,125,125,0,125,125,125,0,125,0,0,0,0,0,125,125,125,125,0,0,125,0,0,0,125,0,0,125,0,0,0,0,0,0
228604,*,95,95,0,0,0,0,95,0,0,0,0,0,0,0,0,0,0,0,0,0,0,0,0,95,95,0,95,95,95,0,95,0,0,0,0,0,95,95,95,95,0,0,95,0,0,0,95,0,0,95,0,0,0,0,0,0
229143,,46,46,0,0,0,46,46,0,0,32,0,0,0,0,0,0,0,0,0,32,0,0,0,0,0,0,0,32,0,0,32,32,0,0,0,0,0,0,0,0,0,0,0,0,0,0,0,0,0,0,0,0,0,0,0,0
229146,*,249,245,0,0,0,0,249,0,0,0,0,0,0,0,0,0,0,0,0,0,0,0,0,249,249,0,249,249,249,0,249,0,0,0,0,0,218,218,218,218,0,0,218,0,0,0,218,0,0,218,0,0,0,0,0,0
229149,,46,46,0,0,0,46,46,0,0,32,0,0,0,0,0,0,0,0,0,32,0,0,0,0,0,0,0,32,0,0,32,31,0,0,0,0,0,0,0,0,0,0,0,0,0,0,0,0,0,0,0,0,0,0,0,0
229200,,259,259,0,0,0,259,259,0,0,135,0,15,64,0,0,0,0,0,0,136,64,64,64,0,0,0,0,135,0,0,134,85,63,64,64,0,0,0,0,0,4,46,0,46,4,0,0,0,48,0,0,0,45,0,0,0
229212,,271,271,0,0,0,271,272,0,0,108,0,0,0,0,0,0,0,0,0,108,0,0,0,0,0,0,0,108,0,0,108,108,0,0,0,0,0,0,0,0,0,0,0,0,0,0,0,0,0,0,0,0,0,0,0,0
229214,,274,274,0,0,0,274,275,0,0,153,0,0,48,0,0,0,0,0,0,152,49,49,49,0,0,0,0,153,0,0,151,104,48,49,49,0,0,0,0,0,0,46,0,46,0,0,0,0,47,0,0,0,43,0,0,0
229215,,238,238,0,0,0,238,238,0,0,85,0,0,0,0,0,0,0,0,0,85,0,0,0,0,0,0,0,85,0,0,85,84,0,0,0,0,0,0,0,0,0,0,0,0,0,0,0,0,0,0,0,0,0,0,0,0
229216,,262,262,0,0,0,262,262,0,0,104,0,1,1,0,0,0,0,0,0,105,1,1,1,0,0,0,0,104,0,0,105,104,1,1,1,0,0,0,0,0,0,0,0,0,0,0,0,0,0,0,0,0,0,0,0,0
229218,,147,147,0,0,0,147,147,0,0,0,0,0,0,0,0,0,0,0,0,0,0,0,0,0,0,0,0,0,0,0,0,0,0,0,0,0,0,0,0,0,0,0,0,0,0,0,0,0,0,0,0,0,0,0,0,0
229223,,160,160,0,0,0,160,160,0,0,0,0,0,0,0,0,0,0,0,0,0,0,0,0,0,0,0,0,0,0,0,0,0,0,0,0,0,0,0,0,0,0,0,0,0,0,0,0,0,0,0,0,0,0,0,0,0
229289,*,207,207,0,0,0,0,207,0,0,0,0,0,0,0,0,0,0,0,0,0,0,0,0,207,207,0,207,207,207,0,207,0,0,0,0,0,207,207,207,207,0,0,207,0,0,0,207,0,0,207,0,0,0,0,0,0
229295,*,103,100,0,0,0,0,103,0,0,0,0,0,0,0,0,0,0,0,0,0,0,0,0,103,103,0,103,103,103,0,103,0,0,0,0,0,103,103,103,103,0,0,103,0,0,0,103,0,0,103,0,0,0,0,0,0
229296,*,105,102,0,0,0,0,105,0,0,0,0,0,0,0,0,0,0,0,0,0,0,0,0,105,105,0,105,105,105,0,105,0,0,0,0,0,105,105,105,105,0,0,105,0,0,0,105,0,0,105,0,0,0,0,0,0
229297,*,123,117,0,0,0,0,123,0,0,0,0,0,0,0,0,0,0,0,0,0,0,0,0,123,123,0,123,123,123,0,123,0,0,0,0,0,123,123,123,123,0,0,123,0,0,0,123,0,0,123,0,0,0,0,0,0
229298,*,98,95,0,0,0,0,98,0,0,0,0,0,0,0,0,0,0,0,0,0,0,0,0,98,98,0,98,98,98,0,98,0,0,0,0,0,98,98,98,98,0,0,98,0,0,0,98,0,0,98,0,0,0,0,0,0
229299,*,105,102,0,0,0,0,105,0,0,0,0,0,0,0,0,0,0,0,0,0,0,0,0,105,105,0,105,105,105,0,105,0,0,0,0,0,105,105,105,105,0,0,105,0,0,0,105,0,0,105,0,0,0,0,0,0
229416,*,126,120,0,0,0,0,126,0,0,0,0,0,0,0,0,0,0,0,0,0,0,0,0,126,126,0,126,126,126,0,126,0,0,0,0,0,126,126,126,126,0,0,126,0,0,0,126,0,0,126,0,0,0,0,0,0
229417,*,128,122,0,0,0,0,128,0,0,0,0,0,0,0,0,0,0,0,0,0,0,0,0,128,128,0,128,128,128,0,128,0,0,0,0,0,128,128,128,128,0,0,128,0,0,0,128,0,0,128,0,0,0,0,0,0
229418,*,103,100,0,0,0,0,103,0,0,0,0,0,0,0,0,0,0,0,0,0,0,0,0,103,103,0,103,103,103,0,103,0,0,0,0,0,103,103,103,103,0,0,103,0,0,0,103,0,0,103,0,0,0,0,0,0
229419,*,373,372,0,0,0,0,350,0,0,0,0,0,0,0,0,0,0,0,0,0,0,0,0,376,376,0,376,376,376,0,376,0,0,0,0,0,230,230,230,230,0,0,230,0,0,0,230,0,0,230,0,0,0,0,0,0
229420,*,367,362,0,0,0,0,340,0,0,0,0,0,0,0,0,0,0,0,0,0,0,0,0,367,367,0,367,367,367,0,367,0,0,0,0,0,218,218,218,218,0,0,218,0,0,0,218,0,0,218,0,0,0,0,0,0
229421,*,104,101,0,0,0,0,104,0,0,0,0,0,0,0,0,0,0,0,0,0,0,0,0,104,104,0,104,104,104,0,104,0,0,0,0,0,104,104,104,104,0,0,104,0,0,0,104,0,0,104,0,0,0,0,0,0
229601,*,254,254,0,0,0,0,250,0,0,0,0,0,0,0,0,0,0,0,0,0,0,0,0,254,254,0,254,254,254,0,254,0,0,0,0,0,202,202,202,202,0,0,202,0,0,0,202,0,0,202,0,0,0,0,0,0
229603,,46,46,0,0,0,46,46,0,0,32,0,0,0,0,0,0,0,0,0,32,0,0,0,0,0,0,0,32,0,0,32,32,0,0,0,0,0,0,0,0,0,0,0,0,0,0,0,0,0,0,0,0,0,0,0,0
229614,,46,46,0,0,0,46,46,0,0,32,0,0,0,0,0,0,0,0,0,32,0,0,0,0,0,0,0,32,0,0,32,32,0,0,0,0,0,0,0,0,0,0,0,0,0,0,0,0,0,0,0,0,0,0,0,0
229653,,44,44,0,0,0,44,44,0,0,32,0,0,0,0,0,0,0,0,0,32,0,0,0,0,0,0,0,32,0,0,32,32,0,0,0,0,0,0,0,0,0,0,0,0,0,0,0,0,0,0,0,0,0,0,0,0
229670,,14,0,0,0,0,0,14,0,0,8,0,0,0,0,0,0,0,0,0,8,0,0,0,0,0,0,0,8,0,0,8,8,0,0,0,0,0,0,0,0,0,0,0,0,0,0,0,0,0,0,0,0,0,7,0,0
229671,*,280,277,0,0,0,0,276,0,0,0,0,0,0,0,0,0,0,0,0,0,0,0,0,267,267,0,267,267,259,0,267,0,0,0,0,0,217,217,217,217,0,0,217,0,0,0,217,0,0,217,0,0,0,0,0,0
229677,*,104,101,0,0,0,0,104,0,0,0,0,0,0,0,0,0,0,0,0,0,0,0,0,104,104,0,104,104,104,0,104,0,0,0,0,0,104,104,104,104,0,0,104,0,0,0,104,0,0,104,0,0,0,0,0,0
230104,,39,39,0,0,0,39,38,0,0,20,0,0,0,0,0,0,0,0,0,20,0,0,0,0,0,0,0,20,0,0,20,20,0,0,0,0,0,0,0,0,0,0,0,0,0,0,0,0,0,0,0,0,0,0,0,0
230200,*,283,282,0,0,0,283,283,0,0,154,0,0,51,0,0,0,0,0,0,153,51,51,51,0,0,0,0,153,0,0,152,102,50,51,51,0,0,1,1,1,6,48,1,48,5,0,1,0,49,1,0,0,46,0,0,0
230202,*,195,194,0,0,0,195,195,0,0,212,0,0,0,0,0,0,0,0,0,212,0,0,0,0,0,0,0,212,0,0,212,211,0,0,0,0,4,13,13,13,0,0,13,0,1,0,13,0,0,13,0,0,0,0,0,0
230204,*,126,121,0,0,0,7,126,0,0,2,0,0,2,0,0,0,0,0,0,2,2,2,2,119,119,0,119,121,119,0,121,0,2,2,2,0,119,119,119,119,0,2,119,2,0,0,119,0,2,119,0,0,2,0,0,0
230205,*,363,362,0,0,0,362,363,0,0,365,0,0,0,0,0,0,0,0,0,364,0,0,0,0,0,0,0,364,0,0,364,362,0,0,0,0,2,11,11,11,0,0,11,0,0,0,11,0,0,11,0,0,0,0,0,0
230206,*,173,173,0,0,0,173,173,0,0,47,0,0,47,0,0,0,0,0,0,47,47,47,47,0,0,0,0,47,0,0,47,0,47,47,47,0,0,0,0,0,0,47,0,47,0,0,0,0,47,0,0,0,45,0,0,0
230208,,214,214,0,0,0,214,214,0,0,44,0,0,0,0,0,0,0,0,0,44,0,0,0,0,0,0,0,44,0,0,43,43,0,0,0,0,0,0,0,0,0,0,0,0,0,0,0,0,0,0,0,0,0,0,0,0
230209,*,341,340,0,0,0,340,341,0,0,320,0,0,0,0,0,0,0,0,0,319,0,0,0,0,0,0,0,319,0,0,319,319,0,0,0,0,1,1,1,1,0,0,1,0,0,0,1,0,0,1,0,0,0,0,0,0
230210,*,194,194,0,0,0,194,194,0,0,50,0,0,50,0,0,0,0,0,0,50,50,49,49,0,0,0,0,50,0,0,48,0,49,50,50,0,0,0,0,0,6,46,0,48,5,0,0,0,47,0,0,0,44,0,0,0
230211,,274,274,0,0,0,274,274,0,0,149,0,0,49,0,0,0,0,0,0,149,50,50,50,0,0,0,0,148,0,0,146,97,49,50,50,0,0,0,0,0,6,47,0,47,5,0,0,0,48,0,0,0,43,0,0,0
230213,*,169,169,0,0,0,169,169,0,0,0,0,0,0,0,0,0,0,0,0,0,0,0,0,0,0,0,0,0,0,0,0,0,0,0,0,0,0,0,0,0,0,0,0,0,0,0,0,0,0,0,0,0,0,0,0,0
230216,,0,0,0,0,0,0,108,0,0,0,0,108,7,0,0,0,0,0,0,0,0,0,0,0,0,0,0,108,0,0,108,108,0,0,0,0,0,0,0,0,0,0,0,0,0,0,0,0,0,0,0,0,0,0,0,0
230232,*,415,412,0,0,0,311,413,0,0,319,0,0,0,0,0,0,0,0,0,315,0,0,0,102,102,0,102,419,102,0,419,318,0,0,0,0,104,104,104,104,0,0,104,0,2,0,104,0,0,104,0,0,0,0,0,0
230244,*,115,109,0,0,0,0,115,0,0,0,0,0,0,0,0,0,0,0,0,0,0,0,0,115,115,0,115,115,115,0,115,0,0,0,0,0,115,115,115,115,0,0,115,0,0,0,115,0,0,115,0,0,0,0,0,0
230245,*,123,118,0,0,0,0,123,0,0,0,0,0,0,0,0,0,0,0,0,0,0,0,0,123,123,0,123,123,123,0,123,0,0,0,0,0,123,123,123,123,0,0,123,0,0,0,123,0,0,123,0,0,0,0,0,0
231102,*,127,121,0,0,0,0,127,0,0,0,0,0,0,0,0,0,0,0,0,0,0,0,0,127,127,0,127,127,126,0,127,0,0,0,0,0,127,127,127,127,0,0,127,0,0,0,127,0,0,127,0,0,0,0,0,0
231200,*,270,271,0,0,0,176,270,0,0,188,0,0,0,0,0,0,0,0,0,189,0,0,0,92,92,0,92,281,92,0,281,189,0,0,0,0,92,92,92,92,0,0,92,0,0,0,92,0,0,92,0,0,0,0,0,0
231203,*,161,161,0,0,0,161,161,0,0,46,0,0,46,0,0,0,0,0,0,46,46,46,46,0,0,0,0,46,0,0,44,0,46,46,46,0,0,0,0,0,0,46,0,46,0,0,0,0,46,0,0,0,43,0,0,0
231204,*,234,231,0,0,0,234,234,0,0,228,0,0,2,0,0,0,0,0,0,229,2,2,2,0,0,0,0,228,0,0,228,225,2,2,2,0,119,140,140,140,0,2,140,2,50,0,140,0,2,140,0,0,2,0,0,0
231205,*,158,158,0,0,0,158,158,0,0,0,0,0,0,0,0,0,0,0,0,0,0,0,0,0,0,0,0,0,0,0,0,0,0,0,0,0,0,0,0,0,0,0,0,0,0,0,0,0,0,0,0,0,0,0,0,0
231208,*,281,278,0,0,0,177,281,0,0,188,0,0,0,0,0,0,0,0,0,185,0,0,0,102,102,0,102,287,102,0,287,186,0,0,0,0,103,103,103,103,0,0,103,0,1,0,103,0,0,103,0,0,0,0,0,0
231211,*,48,48,0,0,0,48,48,0,0,0,0,0,0,0,0,0,0,0,0,0,0,0,0,0,0,0,0,0,0,0,0,0,0,0,0,0,0,0,0,0,0,0,0,0,0,0,0,0,0,0,0,0,0,0,0,0
231213,*,451,448,0,0,0,353,450,0,0,351,0,0,2,0,0,0,0,0,0,349,2,2,2,96,96,0,96,446,96,0,446,341,2,2,2,0,96,96,96,96,0,2,96,2,0,0,96,0,2,96,0,0,2,0,0,0
231221,*,0,0,0,0,0,0,101,0,0,0,0,101,7,0,0,0,0,0,0,0,0,0,0,0,0,0,0,100,0,0,100,100,0,0,0,0,0,0,0,0,0,0,0,0,0,0,0,0,0,0,0,0,0,0,0,0
231222,*,0,0,0,0,0,0,109,0,0,0,0,109,7,0,0,0,0,0,0,0,0,0,0,0,0,0,0,109,0,0,109,109,0,0,0,0,0,0,0,0,0,0,0,0,0,0,0,0,0,0,0,0,0,0,0,0
231223,*,0,0,0,0,0,0,108,0,0,0,0,108,7,0,0,0,0,0,0,0,0,0,0,0,0,0,0,108,0,0,108,107,0,0,0,0,0,0,0,0,0,0,0,0,0,0,0,0,0,0,0,0,0,0,0,0
231225,*,158,158,0,0,0,158,158,0,0,46,0,0,44,0,0,0,0,0,0,44,46,46,46,0,0,0,0,46,0,0,46,0,46,46,46,0,0,0,0,0,5,46,0,46,4,0,0,0,46,0,0,0,43,0,0,0
231230,,35,35,0,0,0,35,35,0,0,4,0,0,0,0,0,0,0,0,0,4,0,0,0,0,0,0,0,4,0,0,4,4,0,0,0,0,0,0,0,0,0,0,0,0,0,0,0,0,0,0,0,0,0,0,0,0
231231,*,474,471,0,0,0,357,473,0,0,363,0,1,1,0,0,0,0,0,0,363,1,1,1,114,114,0,114,476,114,0,477,360,1,1,1,0,115,115,115,115,0,0,115,0,1,0,115,0,0,115,0,0,0,0,0,0
231234,*,225,226,0,0,0,230,228,0,0,146,0,0,0,0,0,0,0,0,0,111,0,0,0,26,26,0,26,136,26,0,136,111,0,0,0,0,26,26,26,26,0,0,26,0,0,0,26,0,0,26,0,0,0,0,0,0
232200,*,430,425,0,0,0,348,428,0,0,325,0,0,0,0,0,0,0,0,0,325,0,0,0,80,80,0,80,404,80,0,405,324,0,0,0,0,80,80,80,80,0,0,80,0,0,0,80,0,0,80,0,0,0,0,0,0
232202,*,359,359,0,0,0,356,360,0,0,364,0,0,2,0,0,0,0,0,0,363,2,2,2,0,0,0,0,363,0,0,363,356,2,2,2,0,0,0,0,0,0,2,0,2,0,0,0,0,2,0,0,0,2,0,0,0
232204,*,362,363,0,0,0,360,363,0,0,366,0,0,0,0,0,0,0,0,0,365,0,0,0,0,0,0,0,366,0,0,366,358,0,0,0,0,2,2,2,2,0,0,2,0,1,0,2,0,0,2,0,0,0,0,0,0
232210,*,335,335,0,0,0,337,335,0,0,336,0,0,2,0,0,0,0,0,0,330,2,2,2,0,0,0,0,330,0,0,330,324,2,2,2,0,0,0,0,0,0,2,0,2,0,0,0,0,2,0,0,0,2,0,0,0
232211,*,157,157,0,0,0,157,157,0,0,0,0,0,0,0,0,0,0,0,0,0,0,0,0,0,0,0,0,0,0,0,0,0,0,0,0,0,0,0,0,0,0,0,0,0,0,0,0,0,0,0,0,0,0,0,0,0
233200,*,360,359,0,0,0,359,361,0,0,368,0,0,2,0,0,0,0,0,0,367,2,2,2,0,0,0,0,367,0,0,367,363,2,2,2,0,0,0,0,0,0,2,0,2,0,0,0,0,2,0,0,0,2,0,0,0
233201,*,175,175,0,0,0,173,175,0,0,185,0,0,0,0,0,0,0,0,0,184,0,0,0,0,0,0,0,184,0,0,184,184,0,0,0,0,1,1,1,1,0,0,1,0,1,0,1,0,0,1,0,0,0,0,0,0
233211,*,264,264,0,0,0,275,261,0,0,187,0,0,0,0,0,0,0,0,0,176,0,0,0,0,0,0,0,176,0,0,176,176,0,0,0,0,1,1,1,1,0,0,1,0,0,0,1,0,0,1,0,0,0,0,0,0
233214,*,361,361,0,0,0,359,361,0,0,366,0,0,0,0,0,0,0,0,0,366,0,0,0,0,0,0,0,364,0,0,365,365,0,0,0,0,0,0,0,0,0,0,0,0,0,0,0,0,0,0,0,0,0,0,0,0
233215,*,364,363,0,0,0,362,363,0,0,367,0,0,2,0,0,0,0,0,0,366,2,2,2,0,0,0,0,365,0,0,365,362,2,2,2,0,0,0,0,0,0,2,0,2,0,0,0,0,2,0,0,0,2,0,0,0
233217,*,177,177,0,0,0,175,177,0,0,192,0,0,0,0,0,0,0,0,0,191,0,0,0,0,0,0,0,190,1,0,190,191,0,0,0,0,0,0,0,0,0,0,0,0,0,0,0,0,0,0,0,0,0,0,0,0
233218,*,364,363,0,0,0,362,365,0,0,365,0,0,0,0,0,0,0,0,0,364,0,0,0,0,0,0,0,364,0,0,364,363,0,0,0,0,1,1,1,1,0,0,1,0,1,0,1,0,0,1,0,0,0,0,0,0
233223,*,153,153,0,0,0,153,153,0,0,39,0,0,38,0,0,0,0,0,0,39,39,39,39,0,0,0,0,39,0,0,39,0,39,39,39,0,0,0,0,0,4,39,0,39,4,0,0,0,39,0,0,0,36,0,0,0
233224,*,349,350,0,0,0,348,350,0,0,327,0,0,0,0,0,0,0,0,0,312,0,0,0,0,0,0,0,327,0,0,327,327,0,0,0,0,250,268,268,268,0,0,268,0,185,0,268,0,0,268,0,0,0,0,0,0
233228,*,353,353,0,0,0,353,353,0,0,316,0,0,0,0,0,0,0,0,0,302,0,0,0,0,0,0,0,302,0,0,302,302,0,0,0,0,0,0,0,0,0,0,0,0,0,0,0,0,0,0,0,0,0,0,0,0
233247,*,174,174,0,0,0,172,174,0,0,185,0,0,0,0,0,0,0,0,0,185,0,0,0,0,0,0,0,185,0,0,185,185,0,0,0,0,1,1,1,1,0,0,1,0,1,0,1,0,0,1,0,0,0,0,0,0
233260,,43,43,0,0,0,43,43,0,0,42,0,0,0,0,0,0,0,0,0,42,0,0,0,0,0,0,0,42,0,0,42,42,0,0,0,0,0,0,0,0,0,0,0,0,0,0,0,0,0,0,0,0,0,0,0,0
233261,,39,39,0,0,0,40,39,0,0,40,0,0,0,0,0,0,0,0,0,40,0,0,0,0,0,0,0,40,0,0,40,40,0,0,0,0,0,0,0,0,0,0,0,0,0,0,0,0,0,0,0,0,0,0,0,0
233600,*,182,181,0,0,0,165,177,0,0,72,0,0,0,0,0,0,0,0,0,12,0,0,0,0,0,0,0,13,0,0,13,13,0,0,0,0,0,0,0,0,0,0,0,0,0,0,0,0,0,0,0,0,0,9,0,0
233601,,13,0,0,0,0,0,13,0,0,8,0,0,0,0,0,0,0,0,0,8,0,0,0,0,0,0,0,8,0,0,8,6,0,0,0,0,0,0,0,0,0,0,0,0,0,0,0,0,0,0,0,0,0,8,0,0
234200,*,165,165,0,0,0,165,165,0,0,46,0,0,46,0,0,0,0,0,0,46,46,46,46,0,0,0,0,45,0,0,46,0,46,45,46,0,0,0,0,0,6,45,0,45,5,0,0,0,46,0,0,0,44,0,0,0
234201,*,361,361,0,0,0,359,360,0,0,365,0,0,0,0,0,0,0,0,0,364,0,0,0,0,0,0,0,364,0,0,364,361,0,0,0,0,1,1,1,1,0,0,1,0,1,0,1,0,0,1,0,0,0,0,0,0
234203,*,335,335,0,0,0,334,333,0,0,323,0,0,2,0,0,0,0,0,0,308,2,2,2,0,0,0,0,308,0,0,308,305,2,2,2,0,0,0,0,0,0,2,0,2,0,0,0,0,2,0,0,0,2,0,0,0
234204,,31,31,0,0,0,31,31,0,0,0,0,0,0,0,0,0,0,0,0,0,0,0,0,0,0,0,0,0,0,0,0,0,0,0,0,0,0,0,0,0,0,0,0,0,0,0,0,0,0,0,0,0,0,0,0,0
234205,*,121,121,0,0,0,120,121,0,0,58,0,0,0,0,0,0,0,0,0,0,0,0,0,0,0,0,0,0,0,0,0,0,0,0,0,0,0,0,0,0,0,0,0,0,0,0,0,0,0,0,0,0,0,0,0,0
234213,,58,57,0,0,0,58,58,0,0,22,0,0,0,0,0,0,0,0,0,0,0,0,0,0,0,0,0,0,0,0,0,0,0,0,0,0,0,0,0,0,0,0,0,0,0,0,0,0,0,0,0,0,0,0,0,0
234602,,14,0,0,0,0,0,14,0,0,7,0,0,0,0,0,0,0,0,0,7,0,0,0,0,0,0,0,7,0,0,8,6,0,0,0,0,0,0,0,0,0,0,0,0,0,0,0,0,0,0,0,0,0,7,0,0
234603,*,161,161,0,0,0,160,160,0,0,59,0,0,0,0,0,0,0,0,0,0,0,0,0,0,0,0,0,0,0,0,0,0,0,0,0,0,0,0,0,0,0,0,0,0,0,0,0,0,0,0,0,0,0,0,0,0
234605,*,130,131,0,0,0,115,128,0,0,70,0,0,0,0,0,0,0,0,0,11,0,0,0,0,0,0,0,12,0,0,12,12,0,0,0,0,0,0,0,0,0,0,0,0,0,0,0,0,0,0,0,0,0,9,0,0
234606,*,145,146,0,0,0,146,146,0,0,59,0,0,0,0,0,0,0,0,0,0,0,0,0,0,0,0,0,0,0,0,0,0,0,0,0,0,0,0,0,0,0,0,0,0,0,0,0,0,0,0,0,0,0,0,0,0
234607,*,187,174,0,0,0,173,187,0,0,67,0,0,0,0,0,0,0,0,0,8,0,0,0,0,0,0,0,8,0,0,8,7,0,0,0,0,0,0,0,0,0,0,0,0,0,0,0,0,0,0,0,0,0,8,0,0
234608,*,189,175,0,0,0,174,188,0,0,67,0,0,0,0,0,0,0,0,0,8,0,0,0,0,0,0,0,8,0,0,8,7,0,0,0,0,0,0,0,0,0,0,0,0,0,0,0,0,0,0,0,0,0,32,0,0
234609,*,151,151,0,0,0,150,151,0,0,59,0,0,0,0,0,0,0,0,0,0,0,0,0,0,0,0,0,0,0,0,0,0,0,0,0,0,0,0,0,0,0,0,0,0,0,0,0,0,0,0,0,0,0,0,0,0
234610,*,125,125,0,0,0,124,124,0,0,59,0,0,0,0,0,0,0,0,0,0,0,0,0,0,0,0,0,0,0,0,0,0,0,0,0,0,0,0,0,0,0,0,0,0,0,0,0,0,0,0,0,0,0,0,0,0
234611,*,113,114,0,0,0,113,114,0,0,59,0,0,0,0,0,0,0,0,0,0,0,0,0,0,0,0,0,0,0,0,0,0,0,0,0,0,0,0,0,0,0,0,0,0,0,0,0,0,0,0,0,0,0,0,0,0
234612,,12,0,0,0,0,0,13,0,0,8,0,0,0,0,0,0,0,0,0,8,0,0,0,0,0,0,0,8,0,0,8,7,0,0,0,0,0,0,0,0,0,0,0,0,0,0,0,0,0,0,0,0,0,31,0,0
234614,,12,11,0,0,0,0,8,0,0,9,0,0,0,0,0,0,0,0,0,8,0,0,0,0,0,0,0,9,0,0,9,9,0,0,0,0,0,0,0,0,0,0,0,0,0,0,0,0,0,0,0,0,0,7,0,0
234615,,12,11,0,0,0,0,9,0,0,9,0,0,0,0,0,0,0,0,0,8,0,0,0,0,0,0,0,9,0,0,9,9,0,0,0,0,0,0,0,0,0,0,0,0,0,0,0,0,0,0,0,0,0,8,0,0
235202,*,362,362,0,0,0,360,362,0,0,369,0,0,0,0,0,0,0,0,0,369,0,0,0,0,0,0,0,367,0,0,369,367,0,0,0,0,0,0,0,0,0,0,0,0,0,0,0,0,0,0,0,0,0,0,0,0
235203,*,363,363,0,0,0,361,363,0,0,367,0,0,0,0,0,0,0,0,0,366,0,0,0,0,0,0,0,366,0,0,366,365,0,0,0,0,0,0,0,0,0,0,0,0,0,0,0,0,0,0,0,0,0,0,0,0
235204,*,346,346,0,0,0,343,346,0,0,60,0,0,0,0,0,0,0,0,0,1,0,0,0,0,0,0,0,1,0,0,1,1,0,0,0,0,0,0,0,0,0,0,0,0,0,0,0,0,0,0,0,0,0,0,0,0
235205,*,350,350,0,0,0,348,350,0,0,325,0,0,0,0,0,0,0,0,0,323,0,0,0,0,0,0,0,323,0,0,323,321,0,0,0,0,0,0,0,0,0,0,0,0,0,0,0,0,0,0,0,0,0,0,0,0
235208,,178,178,0,0,0,178,178,0,0,0,0,0,0,0,0,0,0,0,0,0,0,0,0,0,0,0,0,0,0,0,0,0,0,0,0,0,0,0,0,0,0,0,0,0,0,0,0,0,0,0,0,0,0,0,0,0
235209,*,351,351,0,0,0,349,351,0,0,326,0,0,0,0,0,0,0,0,0,324,0,0,0,0,0,0,0,324,0,0,324,324,0,0,0,0,0,0,0,0,0,0,0,0,0,0,0,0,0,0,0,0,0,0,0,0
235211,*,362,362,0,0,0,360,362,0,0,363,0,0,0,0,0,0,0,0,0,361,0,0,0,0,0,0,0,361,0,0,361,361,0,0,0,0,0,0,0,0,0,0,0,0,0,0,0,0,0,0,0,0,0,0,0,0
235216,*,348,348,0,0,0,346,348,0,0,330,0,0,1,0,0,0,0,0,0,329,1,1,1,0,0,0,0,329,0,0,329,328,1,1,1,0,1,1,1,1,0,0,1,0,1,0,1,0,0,1,0,0,0,0,0,0
235224,*,362,362,0,0,0,360,362,0,0,364,0,0,2,0,0,0,0,0,0,362,2,2,2,0,0,0,0,362,0,0,362,360,2,2,2,0,1,1,1,1,0,2,1,2,1,0,1,0,2,1,0,0,2,0,0,0
235227,*,361,361,0,0,0,360,362,0,0,362,0,0,2,0,0,0,0,0,0,360,2,2,2,0,0,0,0,360,0,0,360,358,2,2,2,0,0,0,0,0,0,2,0,2,0,0,0,0,2,0,0,0,2,0,0,0
235233,*,156,156,0,0,0,156,156,0,0,0,0,0,0,0,0,0,0,0,0,0,0,0,0,0,0,0,0,0,0,0,0,0,0,0,0,0,0,0,0,0,0,0,0,0,0,0,0,0,0,0,0,0,0,0,0,0
235234,*,350,350,0,0,0,348,350,0,0,325,0,0,0,0,0,0,0,0,0,323,0,0,0,0,0,0,0,323,0,0,323,323,0,0,0,0,1,2,2,2,0,0,2,0,1,0,2,0,0,2,0,0,0,0,0,0
235237,*,360,360,0,0,0,360,360,0,0,365,0,0,0,0,0,0,0,0,0,364,0,0,0,0,0,0,0,365,0,0,365,365,0,0,0,0,0,0,0,0,0,0,0,0,0,0,0,0,0,0,0,0,0,0,0,0
235239,,105,105,0,0,0,105,105,0,0,0,0,0,0,0,0,0,0,0,0,0,0,0,0,0,0,0,0,0,0,0,0,0,0,0,0,0,0,0,0,0,0,0,0,0,0,0,0,0,0,0,0,0,0,0,0,0
235240,,105,105,0,0,0,105,105,0,0,0,0,0,0,0,0,0,0,0,0,0,0,0,0,0,0,0,0,0,0,0,0,0,0,0,0,0,0,0,0,0,0,0,0,0,0,0,0,0,0,0,0,0,0,0,0,0
235241,,93,93,0,0,0,93,93,0,0,0,0,0,0,0,0,0,0,0,0,0,0,0,0,0,0,0,0,0,0,0,0,0,0,0,0,0,0,0,0,0,0,0,0,0,0,0,0,0,0,0,0,0,0,0,0,0
235600,*,1,1,0,0,0,1,1,0,0,1,0,0,0,0,0,0,0,0,0,0,0,0,0,0,0,0,0,0,0,0,0,0,0,0,0,0,0,0,0,0,0,0,0,0,0,0,0,0,0,0,0,0,0,0,0,0
235602,,54,55,0,0,0,56,55,0,0,22,0,0,0,0,0,0,0,0,0,0,0,0,0,0,0,0,0,0,0,0,0,0,0,0,0,0,0,0,0,0,0,0,0,0,0,0,0,0,0,0,0,0,0,0,0,0
236202,*,266,266,0,0,0,266,266,0,0,99,0,0,0,0,0,0,0,0,0,99,0,0,0,0,0,0,0,98,0,0,99,99,0,0,0,0,0,0,0,0,0,0,0,0,0,0,0,0,0,0,0,0,0,0,0,0
236203,*,259,259,0,0,0,259,259,0,0,99,0,0,0,0,0,0,0,0,0,99,0,0,0,0,0,0,0,99,0,0,99,99,0,0,0,0,0,0,0,0,0,0,0,0,0,0,0,0,0,0,0,0,0,0,0,0
236204,*,265,265,0,0,0,265,265,0,0,99,0,0,0,0,0,0,0,0,0,99,0,0,0,0,0,0,0,99,0,0,99,98,0,0,0,0,0,0,0,0,0,0,0,0,0,0,0,0,0,0,0,0,0,0,0,0
236205,*,164,164,0,0,0,147,164,0,0,174,0,0,2,0,0,0,0,0,0,172,2,2,2,0,0,0,0,172,1,0,172,171,2,2,2,0,0,0,0,0,0,2,0,2,0,0,0,0,2,0,0,0,2,0,0,0
236209,*,362,362,0,0,0,345,363,0,0,370,0,0,2,0,0,0,0,0,0,357,2,2,2,0,0,0,0,369,0,0,369,365,2,2,2,0,260,280,280,280,0,2,280,2,191,0,280,0,2,280,0,0,2,0,0,0
236210,*,164,164,0,0,0,165,164,0,0,0,0,0,0,0,0,0,0,0,0,0,0,0,0,0,0,0,0,0,0,0,0,0,0,0,0,0,0,3,3,3,0,0,3,0,0,0,3,0,0,3,0,0,0,0,0,0
236212,*,169,169,0,0,0,169,169,0,0,49,0,0,48,0,0,0,0,0,0,48,48,49,49,0,0,0,0,48,0,0,48,0,48,49,49,0,0,0,0,0,0,46,0,46,0,0,0,0,47,0,0,0,43,0,0,0
236215,*,347,348,0,0,0,345,348,0,0,328,0,0,0,0,0,0,0,0,0,327,0,0,0,0,0,0,0,327,0,0,326,326,0,0,0,0,0,0,0,0,0,0,0,0,0,0,0,0,0,0,0,0,0,0,0,0
236216,*,349,348,0,0,0,332,350,0,0,329,0,0,189,140,140,140,0,0,0,327,189,189,189,0,0,0,0,327,0,0,327,323,189,189,189,0,261,281,281,281,0,0,281,0,191,0,281,0,0,281,14,14,0,0,0,0
236600,*,124,124,0,0,0,126,176,0,0,58,112,53,0,0,0,0,0,0,0,0,0,0,0,1,0,0,0,0,0,53,1,0,0,0,0,0,0,0,0,0,0,0,0,0,0,0,0,0,0,0,0,0,0,0,0,0
236601,,12,12,0,0,0,12,12,0,0,2,0,0,0,0,0,0,0,0,0,1,0,0,0,0,0,0,0,1,0,0,1,1,0,0,0,0,0,0,0,0,0,0,0,0,0,0,0,0,0,0,0,0,0,0,0,0
236602,*,90,90,0,0,0,86,142,0,0,35,112,53,0,0,0,0,0,0,0,0,0,0,0,1,0,0,0,0,0,53,1,0,0,0,0,0,0,0,0,0,0,0,0,0,0,0,0,0,0,0,0,0,0,0,0,0
236603,*,113,113,0,0,0,113,126,0,0,59,54,13,0,0,0,0,0,0,0,0,0,0,0,0,0,0,0,0,0,14,0,0,0,0,0,0,0,0,0,0,0,0,0,0,0,0,0,0,0,0,0,0,0,0,0,0
236606,*,138,138,0,0,0,134,190,0,0,59,96,53,0,0,0,0,0,0,0,0,0,0,0,2,1,0,0,67,3,52,72,52,0,0,0,0,0,0,0,0,0,0,0,0,0,0,0,0,0,0,0,0,0,0,0,0
236609,,14,0,0,0,0,0,14,0,0,8,0,0,0,0,0,0,0,0,0,8,0,0,0,0,0,0,0,8,0,0,8,8,0,0,0,0,0,0,0,0,0,0,0,0,0,0,0,0,0,0,0,0,0,8,0,0
236610,*,137,137,0,0,0,134,177,0,0,59,39,39,0,0,0,0,0,0,0,0,0,0,0,1,0,0,0,0,0,40,1,0,0,0,0,0,0,0,0,0,0,0,0,0,0,0,0,0,0,0,0,0,0,0,0,0
236611,*,158,156,0,0,0,154,202,0,0,59,44,43,0,0,0,0,0,0,0,0,0,0,0,2,1,0,0,70,3,42,71,49,0,0,0,0,0,0,0,0,0,0,0,0,0,0,0,0,0,0,0,0,0,0,0,0
237200,*,362,362,0,0,0,345,362,0,0,370,0,0,2,0,0,0,0,0,0,368,2,2,2,0,0,0,0,367,0,0,368,366,2,2,2,0,0,1,1,1,0,2,1,2,0,0,1,0,2,1,0,0,2,0,0,0
237205,*,265,265,0,0,0,265,265,0,0,100,0,0,0,0,0,0,0,0,0,100,0,0,0,0,0,0,0,100,0,0,100,97,0,0,0,0,0,0,0,0,0,0,0,0,0,0,0,0,0,0,0,0,0,0,0,0
237206,*,171,171,0,0,0,171,171,0,0,49,0,0,49,0,0,0,0,0,0,49,49,49,49,0,0,0,0,48,0,0,48,0,48,49,49,0,0,0,0,0,0,44,0,45,0,0,0,0,47,0,0,0,44,0,0,0
237207,*,363,363,0,0,0,360,363,0,0,366,0,0,0,0,0,0,0,0,0,366,0,0,0,0,0,0,0,366,0,0,366,364,0,0,0,0,0,0,0,0,0,0,0,0,0,0,0,0,0,0,0,0,0,0,0,0
237602,,13,0,0,0,0,0,13,0,0,8,0,0,0,0,0,0,0,0,0,8,0,0,0,0,0,0,0,8,0,0,8,7,0,0,0,0,0,0,0,0,0,0,0,0,0,0,0,0,0,0,0,0,0,8,0,0
237603,,13,0,0,0,0,0,13,0,0,8,0,0,0,0,0,0,0,0,0,8,0,0,0,0,0,0,0,8,0,0,8,8,0,0,0,0,0,0,0,0,0,0,0,0,0,0,0,0,0,0,0,0,0,8,0,0
238202,*,363,363,0,0,0,345,363,0,0,369,0,0,2,0,0,0,0,0,0,357,2,2,2,0,0,0,0,369,0,0,369,366,2,2,2,0,259,278,278,278,0,2,278,2,192,0,278,0,2,278,0,0,2,0,0,0
238204,*,335,334,0,0,0,337,335,0,0,319,0,0,2,0,0,0,0,0,0,303,2,2,2,0,0,0,0,303,0,0,303,301,2,2,2,0,1,1,1,1,0,2,1,2,1,0,1,0,2,1,0,0,2,0,0,0
238205,*,347,347,0,0,0,348,348,0,0,59,0,0,0,0,0,0,0,0,0,0,0,0,0,0,0,0,0,0,0,0,0,0,0,0,0,0,0,0,0,0,0,0,0,0,0,0,0,0,0,0,0,0,0,0,0,0
238206,*,361,361,0,0,0,358,361,0,0,372,0,0,2,0,0,0,0,0,0,372,2,2,2,0,0,0,0,372,0,0,372,368,2,2,2,0,0,0,0,0,0,2,0,2,0,0,0,0,2,0,0,0,2,0,0,0
238207,*,189,189,0,0,0,189,189,0,0,0,0,0,0,0,0,0,0,0,0,0,0,0,0,0,0,0,0,0,0,0,0,0,0,0,0,0,0,0,0,0,0,0,0,0,0,0,0,0,0,0,0,0,0,0,0,0
238208,*,352,350,0,0,0,348,352,0,0,331,0,0,0,0,0,0,0,0,0,329,0,0,0,0,0,0,0,329,0,0,329,330,0,0,0,0,1,1,1,1,0,0,1,0,1,0,1,0,0,1,0,0,0,0,0,0
238210,*,0,0,0,0,0,0,0,0,0,1,0,0,0,0,0,0,0,0,0,1,0,0,0,0,0,0,0,1,0,0,1,1,0,0,0,0,0,0,0,0,0,0,0,0,0,0,0,0,0,0,0,0,0,0,0,0
238212,*,180,180,0,0,0,162,180,0,0,196,0,0,0,0,0,0,0,0,0,195,0,0,0,0,0,0,0,195,0,0,195,195,0,0,0,0,0,3,3,3,0,0,3,0,0,0,3,0,0,3,0,0,0,0,0,0
238218,*,287,287,0,0,0,287,287,0,0,99,0,0,0,0,0,0,0,0,0,99,0,0,0,0,0,0,0,99,0,0,99,99,0,0,0,0,0,0,0,0,0,0,0,0,0,0,0,0,0,0,0,0,0,0,0,0
238219,*,161,161,0,0,0,161,161,0,0,0,0,0,0,0,0,0,0,0,0,0,0,0,0,0,0,0,0,0,0,0,0,0,0,0,0,0,0,0,0,0,0,0,0,0,0,0,0,0,0,0,0,0,0,0,0,0
238220,*,94,94,0,0,0,94,94,0,0,0,0,0,0,0,0,0,0,0,0,0,0,0,0,0,0,0,0,0,0,0,0,0,0,0,0,0,0,0,0,0,0,0,0,0,0,0,0,0,0,0,0,0,0,0,0,0
238223,*,364,364,0,0,0,346,364,0,0,367,0,0,0,0,0,0,0,0,0,366,0,0,0,0,0,0,0,366,0,0,366,362,0,0,0,0,0,0,0,0,0,0,0,0,0,0,0,0,0,0,0,0,0,0,0,0
238224,*,128,128,0,0,0,110,128,0,0,142,0,0,0,0,0,0,0,0,0,141,0,0,0,0,0,0,0,140,0,0,140,141,0,0,0,0,0,0,0,0,0,0,0,0,0,0,0,0,0,0,0,0,0,0,0,0
238228,*,360,360,0,0,0,342,360,0,0,366,0,0,0,0,0,0,0,0,0,353,0,0,0,0,0,0,0,366,0,0,366,366,0,0,0,0,258,277,277,277,0,0,277,0,190,0,277,0,0,277,0,0,0,0,0,0
238231,*,353,352,0,0,0,350,353,0,0,362,0,0,2,0,0,0,0,0,0,360,2,2,2,0,0,0,0,360,0,0,360,356,2,2,2,0,0,0,0,0,0,2,0,2,0,0,0,0,2,0,0,0,2,0,0,0
238236,*,0,0,0,0,0,4,179,0,0,0,0,179,7,0,0,0,0,0,0,0,0,0,0,0,0,0,70,180,0,0,180,176,0,0,0,0,0,0,0,0,0,0,0,0,0,0,0,0,0,0,0,0,0,0,0,0
238237,*,0,0,0,0,0,4,59,0,0,0,0,59,0,0,0,0,0,0,0,0,0,0,0,0,0,0,55,59,1,0,59,59,0,0,0,0,0,0,0,0,0,0,0,0,0,0,0,0,0,0,0,0,0,0,0,0
238600,*,128,128,0,0,0,124,180,0,0,58,111,53,0,0,0,0,0,0,0,0,0,0,0,2,1,0,0,60,5,53,61,49,0,0,0,0,0,0,0,0,0,0,0,0,0,0,0,0,0,0,0,0,0,0,0,0
238601,*,136,136,0,0,0,133,136,0,0,59,0,0,0,0,0,0,0,0,0,0,0,0,0,0,0,0,0,0,0,0,0,0,0,0,0,0,0,0,0,0,0,0,0,0,0,0,0,0,0,0,0,0,0,0,0,0
238602,,13,13,0,0,0,0,9,0,0,11,0,0,0,0,0,0,0,0,0,11,0,0,0,0,0,0,0,11,0,0,11,11,0,0,0,0,0,0,0,0,0,0,0,0,0,0,0,0,0,0,0,0,0,9,0,0
238603,,7,7,0,0,0,0,4,0,0,6,0,0,0,0,0,0,0,0,0,6,0,0,0,0,0,0,0,6,0,0,7,6,0,0,0,0,0,0,0,0,0,0,0,0,0,0,0,0,0,0,0,0,0,6,0,0
238604,*,137,137,0,0,0,133,161,0,0,59,24,23,0,0,0,0,0,0,0,0,0,0,0,0,0,0,0,0,0,24,0,0,0,0,0,0,0,0,0,0,0,0,0,0,0,0,0,0,0,0,0,0,0,0,0,0
239201,*,41,41,0,0,0,42,41,0,0,17,0,0,0,0,0,0,0,0,0,0,0,0,0,0,0,0,0,0,0,0,0,0,0,0,0,0,0,0,0,0,0,0,0,0,0,0,0,0,0,0,0,0,0,0,0,0
239600,,12,12,0,0,0,0,8,0,0,9,0,0,0,0,0,0,0,0,0,9,0,0,0,0,0,0,0,9,0,0,10,9,0,0,0,0,0,0,0,0,0,0,0,0,0,0,0,0,0,0,0,0,0,8,0,0
239601,,6,5,0,0,0,0,4,0,0,5,0,0,0,0,0,0,0,0,0,5,0,0,0,0,0,0,0,5,0,0,5,5,0,0,0,0,0,0,0,0,0,0,0,0,0,0,0,0,0,0,0,0,0,5,0,0
239602,,14,14,0,0,0,0,9,0,0,12,0,0,0,0,0,0,0,0,0,11,0,0,0,0,0,0,0,11,0,0,12,10,0,0,0,0,0,0,0,0,0,0,0,0,0,0,0,0,0,0,0,0,0,11,0,0
401201,*,1558,982,0,0,0,1549,2325,0,0,964,0,409,187,0,0,0,0,0,0,0,186,187,187,0,0,0,0,1575,74,0,1575,1568,186,186,183,0,0,0,0,0,0,0,0,0,0,0,0,0,1576,0,0,0,0,964,0,0
401203,*,361,362,0,0,0,360,359,0,0,368,0,0,2,0,0,0,0,0,0,368,2,2,2,0,0,0,0,369,0,0,370,364,2,2,2,0,8,8,8,8,0,2,8,2,8,0,8,0,2,8,0,0,2,0,0,0
401204,*,1561,1360,0,0,0,1554,1944,0,0,1013,0,166,186,0,0,0,0,0,0,4,186,186,610,0,0,0,0,1626,77,0,1626,1614,186,186,183,0,1,1,1,1,0,135,1,70,1,1,1,1,1626,1,0,0,0,961,0,0
401205,,0,0,0,0,0,0,1,0,0,1,0,0,0,0,0,0,0,0,0,0,0,0,0,0,0,0,0,1,0,0,1,1,0,0,0,0,0,0,0,0,0,0,0,0,0,0,0,0,1,0,0,0,0,1,0,0
401210,*,136,136,0,0,0,137,188,0,0,52,0,52,0,0,0,0,0,0,0,3,0,0,0,0,0,0,0,52,0,0,52,49,0,0,0,0,1,1,1,1,0,52,1,52,1,1,1,1,52,1,0,0,0,0,0,0
401211,*,361,361,0,0,0,361,577,0,0,415,0,211,0,0,0,0,0,0,0,315,0,0,0,1,1,0,0,415,17,0,417,411,0,0,0,0,2,2,2,2,0,240,2,241,1,2,2,2,243,2,0,0,0,1,0,0
401212,*,350,350,0,0,0,348,350,0,0,329,0,1,0,0,0,0,0,0,0,328,0,0,0,0,0,0,0,328,0,0,328,327,0,0,0,0,0,0,0,0,0,1,0,1,0,0,0,0,1,0,0,0,0,0,0,0
401213,,67,67,0,0,0,69,119,0,0,66,0,52,14,0,0,0,0,0,0,16,13,13,13,0,0,0,0,66,0,0,65,48,12,13,12,0,1,1,1,1,0,66,1,66,1,1,1,1,66,1,0,0,14,0,0,0
401215,*,344,346,0,0,0,345,359,0,0,214,0,1,0,0,0,0,0,0,0,214,0,0,0,0,0,0,7,214,0,0,214,214,0,0,0,0,5,5,5,5,0,0,5,0,5,0,5,0,0,5,0,0,0,0,0,0
401216,*,360,362,0,0,0,358,361,0,0,359,0,0,0,0,0,0,0,0,0,358,0,0,0,0,0,0,0,359,0,0,359,355,0,0,0,0,4,4,4,4,0,0,4,0,4,0,4,0,0,4,0,0,0,0,0,0
401224,*,0,0,0,0,0,0,48,0,0,0,0,48,0,0,0,0,0,0,0,0,0,0,0,0,0,0,48,48,0,0,48,46,0,0,0,0,0,0,0,0,0,0,0,0,0,0,0,0,0,0,0,0,0,0,0,0
401226,*,361,362,0,0,0,360,375,0,0,367,0,1,0,0,0,0,0,0,0,367,0,0,0,0,0,0,7,367,0,0,367,362,0,0,0,0,5,5,5,5,0,0,5,0,5,0,5,0,0,5,0,0,0,0,0,0
401600,,11,0,0,0,0,0,11,0,0,5,0,0,0,0,0,0,0,0,0,5,0,0,0,0,0,0,0,5,0,0,5,3,0,0,0,0,0,0,0,0,0,0,0,0,0,0,0,0,0,0,0,0,0,5,0,0
402203,*,352,353,0,0,0,351,351,0,0,360,0,1,2,0,0,0,0,0,0,360,2,2,2,0,0,0,0,359,0,0,360,355,2,2,2,0,0,0,0,0,0,3,0,3,0,0,0,0,3,0,0,0,2,0,0,0
402204,*,354,354,0,0,0,352,354,0,0,360,0,0,2,0,0,0,0,0,0,361,2,2,2,0,0,0,0,361,0,0,361,358,2,2,2,0,0,0,0,0,0,2,0,2,0,0,0,0,2,0,0,0,2,0,0,0
402205,*,1267,1132,0,0,0,1264,1784,0,0,717,0,258,172,0,0,0,0,0,0,21,172,172,172,0,0,0,0,1281,17,0,1281,1278,172,172,169,0,0,0,0,0,0,0,0,0,0,0,0,0,1260,0,0,0,0,698,0,0
402213,*,26,26,0,0,0,26,26,0,0,0,0,0,0,0,0,0,0,0,0,0,0,0,0,0,0,0,0,0,0,0,0,0,0,0,0,0,0,0,0,0,0,0,0,0,0,0,0,0,0,0,0,0,0,0,0,0
402222,*,354,354,0,0,0,352,354,0,0,363,0,0,2,0,0,0,0,0,0,363,2,2,2,1,1,0,0,363,1,0,363,359,2,2,2,0,0,0,0,0,0,2,0,2,0,0,0,0,2,0,0,0,2,0,0,0
402223,*,340,340,0,0,0,338,339,0,0,318,0,0,0,0,0,0,0,0,0,316,0,0,0,0,0,0,0,315,0,0,316,316,0,0,0,0,0,0,0,0,0,0,0,0,0,0,0,0,0,0,0,0,0,0,0,0
402406,,2,2,0,0,0,2,2,0,0,0,0,0,0,0,0,0,0,0,0,0,0,0,0,0,0,0,0,0,0,0,0,0,0,0,0,0,0,0,0,0,0,0,0,0,0,0,0,0,0,0,0,0,0,0,0,0
402600,,9,0,0,0,0,0,10,0,0,7,0,1,0,0,0,0,0,0,0,7,0,0,0,0,0,0,0,7,0,0,7,4,0,0,0,0,0,0,0,0,0,0,0,0,0,0,0,0,0,0,0,0,0,7,0,0
403200,*,202,202,0,0,0,202,202,0,0,49,0,0,48,0,0,0,0,0,0,49,48,49,49,0,0,0,0,48,0,0,48,0,48,49,49,0,0,0,0,0,1,47,0,47,1,0,0,0,48,0,0,0,47,0,0,0
403205,*,363,363,0,0,0,360,363,0,0,366,0,1,3,0,0,0,0,0,0,353,3,3,3,0,0,0,0,366,0,0,366,362,3,3,3,0,256,276,276,276,0,2,276,2,189,0,276,0,2,276,0,0,2,0,0,0
403209,*,198,198,0,0,0,198,198,0,0,49,0,0,49,0,0,0,0,0,0,49,49,49,49,0,0,0,0,49,0,0,48,0,48,48,49,0,0,0,0,0,2,47,0,47,2,0,0,0,48,0,0,0,47,0,0,0
403210,*,362,362,0,0,0,360,360,0,0,362,0,0,1,1,1,1,0,0,0,362,1,1,1,0,0,0,0,363,0,0,363,362,1,1,1,0,0,0,0,0,0,0,0,0,0,0,0,0,0,0,0,0,0,0,0,0
403213,*,333,333,0,0,0,335,336,0,0,314,0,2,0,0,0,0,0,0,0,312,0,0,0,0,0,0,0,314,0,0,313,313,0,0,0,0,1,1,1,1,0,2,1,2,1,0,1,0,2,1,0,0,0,0,0,0
403216,,90,90,0,0,0,90,91,0,0,1,0,1,0,0,0,0,0,0,0,0,0,0,0,0,0,0,0,1,0,0,1,1,0,0,0,0,0,0,0,0,0,1,0,1,0,0,0,0,1,0,0,0,0,0,0,0
403217,*,132,132,0,0,0,130,133,0,0,134,0,1,0,0,0,0,0,0,0,134,0,0,0,0,0,0,0,134,0,0,135,135,0,0,0,0,0,0,0,0,0,1,0,1,0,0,0,0,1,0,0,0,0,0,0,0
403218,*,178,178,0,0,0,178,177,0,0,24,0,0,0,0,0,0,0,0,0,24,0,0,0,0,0,0,0,23,0,0,23,23,0,0,0,0,0,0,0,0,0,0,0,0,0,0,0,0,0,0,0,0,24,0,0,0
403221,*,181,181,0,0,0,181,181,0,0,45,0,0,45,0,0,0,0,0,0,45,45,45,45,0,0,0,0,45,0,0,45,0,45,45,45,0,0,0,0,0,0,45,0,45,0,0,0,0,45,0,0,0,45,0,0,0
403222,*,203,203,0,0,0,203,203,0,0,24,0,0,0,0,0,0,0,0,0,24,0,0,0,0,0,0,0,24,0,0,24,24,0,0,0,0,0,0,0,0,0,0,0,0,0,0,0,0,0,0,0,0,23,0,0,0
403223,*,349,349,0,0,0,348,347,0,0,335,0,0,0,0,0,0,0,0,0,335,0,0,0,0,0,0,0,335,0,0,334,335,0,0,0,0,0,0,0,0,0,0,0,0,0,0,0,0,0,0,0,0,0,0,0,0
403228,*,349,348,0,0,0,347,347,0,0,80,0,0,0,0,0,0,0,0,0,25,0,0,0,0,0,0,0,25,0,0,25,25,0,0,0,0,0,0,0,0,0,0,0,0,0,0,0,0,0,0,0,0,24,0,0,0
403230,*,361,361,0,0,0,359,361,0,0,365,0,99,287,136,136,136,0,0,0,365,288,253,288,0,0,0,0,367,0,0,367,365,287,288,288,0,2,2,2,2,0,2,2,2,0,0,2,0,3,2,13,13,2,0,0,0
403234,*,0,0,0,0,0,3,167,0,0,5,0,167,10,1,1,1,0,0,0,0,5,5,5,0,0,0,55,167,0,0,168,167,5,5,4,0,0,0,0,0,3,0,0,0,0,0,0,0,0,0,1,1,0,0,0,0
403235,*,0,0,0,0,0,2,157,0,0,2,0,157,9,0,0,0,0,0,0,0,2,2,2,0,0,0,51,157,0,0,157,154,2,2,1,0,0,0,0,0,0,0,0,0,0,0,0,0,0,0,0,0,0,0,0,0
403241,*,1299,1122,0,0,0,1305,1825,0,0,715,0,261,186,0,0,0,0,0,0,75,186,186,186,0,0,0,0,1324,17,0,1325,1322,186,186,183,0,70,75,75,75,0,0,75,0,0,0,75,0,1322,75,0,0,0,713,0,0
403244,*,349,349,0,0,0,347,348,0,0,329,0,103,295,140,140,140,0,0,0,328,295,261,295,0,0,0,0,328,0,0,329,326,294,295,295,0,1,1,1,1,0,0,1,0,0,0,1,0,2,1,13,13,0,0,0,0
403600,,12,0,0,0,0,0,13,0,0,8,0,1,0,0,0,0,0,0,0,8,0,0,0,0,0,0,0,8,0,0,8,4,0,0,0,0,0,0,0,0,0,0,0,0,0,0,0,0,0,0,0,0,0,8,0,0
404206,,418,418,0,0,0,418,417,0,0,273,0,0,0,0,0,0,0,0,0,273,0,0,0,0,0,0,0,273,0,0,273,273,0,0,0,0,0,0,0,0,0,0,0,0,0,0,0,0,0,0,0,0,0,0,0,0
404207,*,350,350,0,0,0,350,351,0,0,358,0,0,2,0,0,0,0,0,0,358,2,2,2,1,1,0,1,358,0,0,358,355,2,2,2,0,0,0,0,0,0,2,0,2,0,0,0,0,2,0,0,0,2,0,0,0
404210,*,1141,526,0,0,0,1148,1773,0,0,556,0,255,169,0,0,0,0,0,0,0,169,169,169,0,0,0,0,1141,19,0,1141,1139,169,169,166,0,0,0,0,0,0,0,0,0,0,0,0,0,1138,0,0,0,0,556,0,0
404214,*,348,348,0,0,0,349,346,0,0,347,0,0,0,0,0,0,0,0,0,340,0,0,0,0,0,0,0,339,0,0,339,341,0,0,0,0,0,0,0,0,0,0,0,0,0,0,0,0,0,0,0,0,0,0,0,0
404216,*,362,359,0,0,0,360,361,0,0,363,0,0,2,0,0,0,0,0,0,363,2,2,2,0,0,0,0,363,0,0,363,361,2,2,2,0,0,0,0,0,0,2,0,2,0,0,0,0,2,0,0,0,2,0,0,0
404218,*,0,0,0,0,0,3,177,0,0,4,0,177,11,1,1,1,0,0,0,0,4,4,4,0,0,0,68,176,1,0,176,175,4,4,3,0,0,0,0,0,2,0,0,0,0,0,0,0,0,0,1,1,0,0,0,0
404219,,0,0,0,0,0,6,191,0,0,3,0,191,9,0,0,0,0,0,0,0,3,3,3,0,0,0,78,191,0,0,191,191,3,3,2,0,0,0,0,0,1,0,0,0,0,0,0,0,0,0,0,0,77,77,0,0
404222,*,32,32,0,0,0,32,32,0,0,0,0,0,0,0,0,0,0,0,0,0,0,0,0,0,0,0,0,0,0,0,0,0,0,0,0,0,0,0,0,0,0,0,0,0,0,0,0,0,0,0,0,0,0,0,0,0
404224,*,320,320,0,0,0,317,320,0,0,327,0,2,1,0,0,0,0,0,0,326,1,1,1,0,0,0,1,327,0,0,327,325,1,1,1,0,1,1,1,1,0,0,1,0,1,0,1,0,0,1,0,0,0,0,0,0
404711,,130,129,0,0,0,132,130,0,0,14,0,0,0,0,0,0,0,0,0,122,0,0,0,0,0,0,0,122,0,0,122,120,0,0,0,0,0,0,0,0,0,0,0,0,0,0,0,0,0,0,0,0,0,0,0,0
404712,,110,110,0,0,0,112,110,0,0,14,0,0,0,0,0,0,0,0,0,116,0,0,0,0,0,0,0,116,0,0,116,115,0,0,0,0,0,0,0,0,0,0,0,0,0,0,0,0,0,0,0,0,0,0,0,0
404713,*,186,186,0,0,0,186,186,0,0,67,0,0,0,0,0,0,0,0,0,174,0,0,0,0,0,0,0,175,0,0,175,169,0,0,0,0,0,0,0,0,0,0,0,0,0,0,0,0,0,0,0,0,0,0,0,0
405200,*,367,368,0,0,0,365,367,0,0,368,0,0,4,0,0,0,0,0,0,367,4,4,4,0,0,0,5,367,0,0,367,362,4,4,4,0,0,0,0,0,0,4,0,4,0,0,0,0,4,0,0,0,4,5,0,0
405201,*,181,181,0,0,0,179,181,0,0,184,0,0,0,0,0,0,0,0,0,200,0,0,0,0,0,0,0,200,0,0,200,200,0,0,0,0,0,0,0,0,0,0,0,0,0,0,0,0,0,0,0,0,0,0,0,0
405202,*,174,174,0,0,0,174,174,0,0,49,0,0,49,0,0,0,0,0,0,49,49,49,49,0,0,0,0,48,0,0,47,0,48,49,49,0,0,0,0,0,0,46,0,46,0,0,0,0,47,0,0,0,45,0,0,0
405203,*,358,363,0,0,0,361,363,0,0,365,0,98,287,139,139,139,0,0,0,364,287,253,287,0,0,0,0,363,0,0,364,364,286,287,288,0,2,7,7,7,0,1,7,1,1,1,7,1,1,7,14,14,0,0,0,0
405204,*,362,362,0,0,0,360,362,0,0,364,0,0,3,1,1,1,0,0,0,364,3,3,3,0,0,0,0,364,0,0,364,362,3,3,3,0,0,0,0,0,0,2,0,2,0,0,0,0,2,0,0,0,2,0,0,0
405205,*,362,360,0,0,0,359,362,0,0,367,0,96,286,141,141,141,0,0,0,367,286,252,286,0,0,0,0,366,0,0,367,362,285,286,285,0,1,1,1,1,0,1,1,1,1,1,1,1,1,1,14,14,0,0,0,0
405209,*,364,362,0,0,0,361,364,0,0,364,0,103,289,137,137,137,0,0,0,362,288,256,288,0,0,0,0,363,0,0,363,362,287,288,289,0,1,1,1,1,0,1,1,1,1,1,1,1,1,1,14,14,0,0,0,0
405212,*,347,347,0,0,0,345,347,0,0,312,0,0,0,0,0,0,0,0,0,324,0,0,0,0,0,0,0,323,0,0,323,322,0,0,0,0,0,0,0,0,0,0,0,0,0,0,0,0,0,0,0,0,0,0,0,0
405214,*,368,368,0,0,0,366,367,0,0,374,0,0,0,0,0,0,0,0,0,374,0,0,0,0,0,0,0,374,0,0,375,374,0,0,0,0,0,0,0,0,0,0,0,0,0,0,0,0,0,0,0,0,23,0,0,0
405215,*,186,186,0,0,0,186,186,0,0,24,0,0,1,0,0,0,0,0,0,24,1,1,1,0,0,0,0,24,0,0,24,24,1,1,1,0,0,0,0,0,0,0,0,0,0,0,0,0,0,0,0,0,22,0,0,0
405217,*,172,172,0,0,0,172,172,0,0,0,0,0,0,0,0,0,0,0,0,0,0,0,0,0,0,0,0,0,0,0,0,0,0,0,0,0,0,0,0,0,0,0,0,0,0,0,0,0,0,0,0,0,0,0,0,0
405218,*,161,161,0,0,0,161,161,0,0,24,0,0,1,0,0,0,0,0,0,24,1,1,1,0,0,0,0,24,0,0,24,24,1,1,1,0,0,0,0,0,0,0,0,0,0,0,0,0,0,0,0,0,22,0,0,0
405219,*,356,356,0,0,0,354,355,0,0,333,0,103,296,141,141,141,0,0,0,334,296,259,296,0,0,0,0,331,0,0,333,333,296,296,296,0,1,1,1,1,0,0,1,0,1,0,1,0,0,1,11,11,23,0,0,0
405227,*,183,183,0,0,0,183,183,0,0,44,0,0,44,0,0,0,0,0,0,44,44,44,44,0,0,0,0,44,0,0,44,0,43,44,44,0,0,0,0,0,5,44,0,44,5,0,0,0,44,0,0,0,41,0,0,0
405228,*,144,144,0,0,0,144,145,0,0,0,0,1,0,0,0,0,0,0,0,0,0,0,0,0,0,0,1,1,0,0,1,1,0,0,0,0,0,0,0,0,0,0,0,0,0,0,0,0,0,0,0,0,0,0,0,0
405231,*,355,354,0,0,0,351,355,0,0,358,0,0,3,1,1,1,0,0,0,358,3,1,3,0,0,0,0,358,0,0,358,356,3,3,3,0,0,0,0,0,0,0,0,0,0,0,0,0,0,0,0,0,0,0,0,0
405232,*,1296,1111,0,0,0,1298,2067,0,0,704,0,255,181,0,0,0,0,0,0,76,181,181,181,0,0,0,5,1312,19,0,1313,1307,181,181,178,0,70,76,76,76,0,0,76,0,0,0,76,0,1307,76,0,0,0,705,0,0
405234,*,323,325,0,0,0,323,325,0,0,333,0,0,0,0,0,0,0,0,0,333,0,0,0,0,0,0,0,333,3,0,333,332,0,0,0,0,0,0,0,0,0,0,0,0,0,0,0,0,0,0,0,0,0,0,0,0
405237,*,309,309,0,0,0,308,311,0,0,318,0,0,0,0,0,0,0,0,0,319,0,0,0,0,0,0,0,319,1,0,320,319,0,0,0,0,0,0,0,0,0,0,0,0,0,0,0,0,0,0,0,0,0,0,0,0
405240,*,334,334,0,0,0,334,334,0,0,305,0,1,1,0,0,0,0,0,0,321,1,1,1,0,0,0,0,320,0,0,321,320,1,1,1,0,0,0,0,0,0,0,0,0,0,0,0,0,0,0,0,0,0,0,0,0
405241,*,172,172,0,0,0,172,172,0,0,0,0,0,0,0,0,0,0,0,0,0,0,0,0,0,0,0,0,0,0,0,0,0,0,0,0,0,0,0,0,0,0,0,0,0,0,0,0,0,0,0,0,0,0,0,0,0
405246,*,256,257,0,0,0,256,258,0,0,187,0,0,0,0,0,0,0,0,0,179,0,0,0,0,0,0,0,179,0,0,179,179,0,0,0,0,1,1,1,1,0,0,1,0,1,0,1,0,0,1,0,0,0,0,0,0
405251,*,341,341,0,0,0,339,340,0,0,320,0,0,0,0,0,0,0,0,0,319,0,0,0,0,0,0,0,317,0,0,318,318,0,0,0,0,0,0,0,0,0,0,0,0,0,0,0,0,0,0,0,0,1,0,0,0
405254,*,0,0,0,0,0,0,24,0,0,0,0,24,0,0,0,0,0,0,0,0,0,0,0,0,0,0,23,24,0,0,24,24,0,0,0,0,0,0,0,0,0,0,0,0,0,0,0,0,0,0,0,0,0,0,0,0
405257,,135,135,0,0,0,135,135,0,0,0,0,0,0,0,0,0,0,0,0,0,0,0,0,0,0,0,0,0,0,0,0,0,0,0,0,0,0,0,0,0,0,0,0,0,0,0,0,0,0,0,0,0,0,0,0,0
405258,*,0,0,0,0,0,0,175,0,0,2,0,175,9,1,1,1,0,0,0,0,2,2,2,0,0,0,65,176,1,0,176,170,2,2,1,0,0,0,0,0,1,0,0,0,0,0,0,0,0,0,1,1,0,0,0,0
405259,*,0,0,0,0,0,0,67,0,0,3,0,67,3,1,1,1,0,0,0,0,3,3,3,0,0,0,65,67,1,0,67,66,3,3,2,0,0,0,0,0,1,0,0,0,0,0,0,0,0,0,1,1,0,0,0,0
405260,*,0,0,0,0,0,1,171,0,0,3,0,171,10,2,2,2,0,0,0,0,3,3,3,0,0,0,53,171,0,0,171,171,3,3,2,0,0,0,0,0,2,0,0,0,0,0,0,0,0,0,1,1,0,0,0,0
405263,,158,158,0,0,0,158,158,0,0,0,0,0,0,0,0,0,0,0,0,0,0,0,0,0,0,0,0,0,0,0,0,0,0,0,0,0,0,0,0,0,0,0,0,0,0,0,0,0,0,0,0,0,0,0,0,0
405264,*,359,357,0,0,0,357,359,0,0,360,0,0,0,0,0,0,0,0,0,356,0,0,0,0,0,0,0,357,0,0,357,354,0,0,0,0,0,0,0,0,0,0,0,0,0,0,0,0,0,0,0,0,0,0,0,0
405297,*,191,191,0,0,0,191,191,0,0,66,0,0,0,0,0,0,0,0,0,158,0,0,0,0,0,0,0,158,1,0,158,147,0,0,0,0,0,0,0,0,0,0,0,0,0,0,0,0,0,0,0,0,0,0,0,0
405314,,0,0,0,0,0,0,39,0,0,0,0,39,0,0,0,0,0,0,0,0,0,0,0,0,0,0,39,39,0,0,39,38,0,0,0,0,0,0,0,0,0,0,0,0,0,0,0,0,0,0,0,0,0,0,0,0
405601,*,132,133,0,0,0,132,285,0,0,59,0,152,7,0,0,0,0,0,0,0,0,0,0,0,0,0,50,153,0,0,153,153,0,0,0,0,0,0,0,0,0,0,0,0,0,0,0,0,0,0,0,0,0,0,0,0
405602,*,109,109,0,0,0,109,109,0,0,59,0,0,0,0,0,0,0,0,0,0,0,0,0,0,0,0,0,0,0,0,0,0,0,0,0,0,0,0,0,0,0,0,0,0,0,0,0,0,0,0,0,0,0,0,0,0
405603,,5,4,0,0,0,0,3,0,0,4,0,0,0,0,0,0,0,0,0,4,0,0,0,0,0,0,0,4,0,0,4,4,0,0,0,0,0,0,0,0,0,0,0,0,0,0,0,0,0,0,0,0,0,4,0,0
405604,,6,7,0,0,0,0,3,0,0,5,0,0,0,0,0,0,0,0,0,5,0,0,0,0,0,0,0,5,0,0,6,5,0,0,0,0,0,0,0,0,0,0,0,0,0,0,0,0,0,0,0,0,0,5,0,0
405605,,7,8,0,0,0,0,5,0,0,6,0,0,0,0,0,0,0,0,0,6,0,0,0,0,0,0,0,6,0,0,6,6,0,0,0,0,0,0,0,0,0,0,0,0,0,0,0,0,0,0,0,0,0,6,0,0
405606,,4,6,0,0,0,0,3,0,0,4,0,0,0,0,0,0,0,0,0,4,0,0,0,0,0,0,0,4,0,0,4,4,0,0,0,0,0,0,0,0,0,0,0,0,0,0,0,0,0,0,0,0,0,2,0,0
405720,*,254,254,0,0,0,251,254,0,0,68,0,0,0,0,0,0,0,0,0,277,0,0,0,0,0,0,0,277,11,0,277,276,0,0,0,0,0,0,0,0,0,0,0,0,0,0,0,0,0,0,0,0,0,0,0,0
405730,*,255,255,0,0,0,253,255,0,0,69,0,0,0,0,0,0,0,0,0,270,0,0,0,0,0,0,0,270,14,0,270,263,0,0,0,0,0,0,0,0,0,0,0,0,0,0,0,0,0,0,0,0,0,0,0,0
405758,*,230,230,0,0,0,228,230,0,0,68,0,0,0,0,0,0,0,0,0,238,0,0,0,0,0,0,0,237,8,0,238,235,0,0,0,0,0,0,0,0,0,0,0,0,0,0,0,0,0,0,0,0,0,0,0,0
405779,*,243,243,0,0,0,241,243,0,0,68,0,0,0,0,0,0,0,0,0,249,0,0,0,0,0,0,0,249,11,0,249,244,0,0,0,0,0,0,0,0,0,0,0,0,0,0,0,0,0,0,0,0,0,0,0,0
406202,*,1298,1113,0,0,0,1301,2074,0,0,703,0,259,281,49,49,49,0,0,0,78,247,237,247,0,0,0,0,1308,15,0,1307,1299,247,247,296,0,74,80,80,80,0,4,80,4,4,4,80,4,1300,80,2,2,0,709,0,0
406207,*,362,362,0,0,0,358,362,0,0,367,0,0,2,0,0,0,0,0,0,368,2,2,2,0,0,0,0,367,0,0,368,365,2,2,2,0,0,0,0,0,0,2,0,2,0,0,0,0,2,0,0,0,2,0,0,0
406208,*,300,300,0,0,0,311,300,0,0,259,0,0,0,0,0,0,0,0,0,242,0,0,0,0,0,0,0,242,0,0,242,243,0,0,0,0,0,0,0,0,0,0,0,0,0,0,0,0,0,0,0,0,0,0,0,0
406213,*,354,354,0,0,0,351,354,0,0,359,0,0,2,0,0,0,0,0,0,339,2,2,2,0,0,0,0,359,0,0,359,355,2,2,2,0,246,265,265,265,0,3,265,3,183,1,265,1,2,265,0,0,2,0,0,0
406214,*,322,323,0,0,0,318,324,0,0,283,0,1,0,0,0,0,0,0,0,274,0,0,0,0,0,0,0,274,0,0,274,273,0,0,0,0,0,0,0,0,0,0,0,0,0,0,0,0,0,0,0,0,0,0,0,0
406215,*,127,127,0,0,0,124,127,0,0,137,0,0,0,0,0,0,0,0,0,131,0,0,0,0,0,0,0,131,0,0,131,131,0,0,0,0,1,1,1,1,0,0,1,0,1,0,1,0,0,1,0,0,0,0,0,0
406219,*,0,0,0,0,0,2,75,0,0,3,0,75,3,2,2,2,0,0,0,0,3,3,3,0,0,0,74,75,1,0,75,75,3,3,2,0,0,0,0,0,1,0,0,0,0,0,0,0,0,0,1,1,0,0,0,0
406224,*,223,224,0,0,0,215,225,0,0,116,0,0,0,0,0,0,0,0,0,92,0,0,0,0,0,0,0,91,0,0,92,91,0,0,0,0,0,0,0,0,0,0,0,0,0,0,0,0,0,0,0,0,0,0,0,0
406226,*,25,25,0,0,0,25,25,0,0,0,0,0,0,0,0,0,0,0,0,0,0,0,0,0,0,0,0,0,0,0,0,0,0,0,0,0,0,0,0,0,0,0,0,0,0,0,0,0,0,0,0,0,0,0,0,0
406235,*,314,315,0,0,0,310,315,0,0,294,0,0,0,0,0,0,0,0,0,272,0,0,0,0,0,0,0,276,0,0,276,275,0,0,0,0,0,0,0,0,0,0,0,0,0,0,0,0,0,0,0,0,0,0,0,0
406263,*,202,202,0,0,0,199,202,0,0,68,0,0,0,0,0,0,0,0,0,214,0,0,0,0,0,0,0,212,17,0,213,213,0,0,0,0,0,0,0,0,0,0,0,0,0,0,0,0,0,0,0,0,0,0,0,0
406265,*,180,180,0,0,0,180,180,0,0,44,0,0,0,0,0,0,0,0,0,190,0,0,0,0,0,0,0,190,0,0,190,190,0,0,0,0,0,0,0,0,0,0,0,0,0,0,0,0,0,0,0,0,0,0,0,0
406704,*,250,250,0,0,0,247,250,0,0,67,0,0,0,0,0,0,0,0,0,261,0,0,0,0,0,0,0,260,17,0,261,259,0,0,0,0,0,0,0,0,0,0,0,0,0,0,0,0,0,0,0,0,0,0,0,0
406744,*,122,122,0,0,0,122,122,0,0,58,0,0,0,0,0,0,0,0,0,42,0,0,0,0,0,0,0,42,0,0,42,42,0,0,0,0,0,0,0,0,0,0,0,0,0,0,0,0,0,0,0,0,0,0,0,0
406750,*,93,87,0,0,0,93,93,0,0,39,0,0,0,0,0,0,0,0,0,89,0,0,0,0,0,0,0,89,0,0,89,88,0,0,0,0,0,0,0,0,0,0,0,0,0,0,0,0,0,0,0,0,0,0,0,0
406751,,36,36,0,0,0,37,36,0,0,32,0,0,0,0,0,0,0,0,0,0,0,0,0,0,0,0,0,0,0,0,0,0,0,0,0,0,0,0,0,0,0,0,0,0,0,0,0,0,0,0,0,0,0,0,0,0
406753,,76,75,0,0,0,75,76,0,0,33,0,0,0,0,0,0,0,0,0,71,0,0,0,0,0,0,0,71,0,0,71,70,0,0,0,0,0,0,0,0,0,0,0,0,0,0,0,0,0,0,0,0,0,0,0,0
406756,*,214,214,0,0,0,213,214,0,0,67,0,0,0,0,0,0,0,0,0,222,0,0,0,0,0,0,0,222,8,0,222,220,0,0,0,0,0,0,0,0,0,0,0,0,0,0,0,0,0,0,0,0,0,0,0,0
406758,*,216,216,0,0,0,214,216,0,0,67,0,0,0,0,0,0,0,0,0,221,0,0,0,0,0,0,0,221,5,0,221,218,0,0,0,0,0,0,0,0,0,0,0,0,0,0,0,0,0,0,0,0,0,0,0,0
406764,*,101,101,0,0,0,102,101,0,0,56,0,0,0,0,0,0,0,0,0,12,0,0,0,0,0,0,0,12,0,0,13,11,0,0,0,0,0,0,0,0,0,0,0,0,0,0,0,0,0,0,0,0,0,0,0,0
406766,*,130,130,0,0,0,130,129,0,0,57,0,0,0,0,0,0,0,0,0,46,0,0,0,0,0,0,0,49,0,0,53,46,0,0,0,0,0,0,0,0,0,0,0,0,0,0,0,0,0,0,0,0,0,0,0,0
407202,*,1296,763,0,0,0,1300,2074,0,0,704,0,259,306,65,65,65,0,0,0,0,278,246,278,0,0,0,0,1310,12,0,1311,1306,278,278,318,0,10,10,10,10,0,10,10,10,10,10,10,10,1308,10,2,2,0,711,0,0
407203,*,362,363,0,0,0,359,364,0,0,359,0,0,2,0,0,0,0,0,0,357,2,2,2,0,0,0,0,358,0,0,358,354,2,2,2,0,1,1,1,1,0,2,1,2,1,0,1,0,2,1,0,0,2,0,0,0
407205,*,152,153,0,0,0,153,154,0,0,159,0,1,0,0,0,0,0,0,0,158,0,0,0,0,0,0,0,159,0,0,159,159,0,0,0,0,0,0,0,0,0,0,0,0,0,0,0,0,1,0,0,0,0,1,0,0
407209,*,1289,729,0,0,0,1294,2055,0,0,702,0,257,177,0,0,0,0,0,0,1,177,177,177,0,0,0,0,1304,18,0,1304,1297,177,177,175,0,0,0,0,0,0,0,0,0,0,0,0,0,1303,0,0,0,0,707,0,0
407210,*,155,155,0,0,0,155,155,0,0,50,0,0,50,0,0,0,0,0,0,49,50,50,50,0,0,0,0,50,0,0,49,0,49,50,50,0,0,0,0,0,1,47,0,47,0,0,0,0,47,0,0,0,45,0,0,0
407214,*,343,343,0,0,0,338,343,0,0,57,0,0,0,0,0,0,0,0,0,0,0,0,0,0,0,0,0,0,0,0,0,0,0,0,0,0,0,0,0,0,0,0,0,0,0,0,0,0,0,0,0,0,0,0,0,0
407215,*,333,334,0,0,0,339,335,0,0,334,0,1,2,0,0,0,0,0,0,323,2,2,2,0,0,0,0,334,0,0,334,330,2,2,3,0,224,243,243,243,0,2,243,2,160,0,243,0,3,243,0,0,2,1,0,0
407220,*,306,306,0,0,0,303,306,0,0,57,0,0,0,0,0,0,0,0,0,1,0,0,0,0,0,0,0,1,0,0,1,1,0,0,0,0,0,0,0,0,0,0,0,0,0,0,0,0,0,0,0,0,0,0,0,0
407221,*,341,341,0,0,0,341,354,0,0,338,0,114,248,113,113,113,0,0,0,328,249,222,249,0,0,0,0,336,0,0,338,335,249,249,259,0,0,0,0,0,0,0,0,0,0,0,0,0,12,0,12,12,0,12,0,0
407229,*,349,348,0,0,0,346,365,0,0,320,0,107,253,116,116,116,0,0,0,306,253,222,253,0,0,0,0,318,0,0,318,319,251,253,265,0,3,5,5,5,0,0,5,0,2,0,5,0,16,5,10,10,0,14,0,0
407240,*,0,0,0,0,0,4,193,0,0,3,0,193,9,1,1,1,0,0,0,0,3,3,3,0,0,0,79,192,1,0,192,192,3,3,2,0,0,0,0,0,2,0,0,0,0,0,0,0,0,0,1,1,0,0,0,0
407241,*,0,0,0,0,0,4,191,0,0,3,0,191,9,1,1,1,0,0,0,0,3,3,3,0,0,0,79,191,1,0,191,191,3,3,2,0,0,0,0,0,1,0,0,0,0,0,0,0,0,0,1,1,0,0,0,0
407242,*,77,77,0,0,0,80,76,0,0,41,0,0,0,0,0,0,0,0,0,14,0,0,0,0,0,0,0,81,0,0,81,81,0,0,0,0,0,0,0,0,0,0,0,0,0,0,0,0,0,0,0,0,0,0,0,0
407244,*,0,0,0,0,0,4,193,0,0,3,0,193,10,1,1,1,0,0,0,0,3,3,3,0,0,0,80,193,1,0,193,193,3,3,2,0,0,0,0,0,1,0,0,0,0,0,0,0,0,0,1,1,0,0,0,0
407252,*,1180,613,0,0,0,1190,1840,0,0,593,0,211,239,5,5,5,0,0,0,0,239,234,239,0,0,0,0,1200,3,0,1201,1192,239,239,236,0,0,0,0,0,0,0,0,0,0,0,0,0,1196,0,3,3,0,595,0,0
407255,*,339,339,0,0,0,335,338,0,0,311,0,0,0,0,0,0,0,0,0,310,0,0,0,0,0,0,0,309,0,0,310,308,0,0,0,0,0,0,0,0,0,0,0,0,0,0,0,0,0,0,0,0,0,0,0,0
407341,*,9,9,0,0,0,9,9,0,0,9,0,0,0,0,0,0,0,0,0,0,0,0,0,0,0,0,0,4,0,0,4,4,0,0,0,0,0,0,0,0,0,0,0,0,0,0,0,0,0,0,0,0,0,0,0,0
407342,*,9,9,0,0,0,9,9,0,0,9,0,0,0,0,0,0,0,0,0,0,0,0,0,0,0,0,0,4,0,0,4,4,0,0,0,0,0,0,0,0,0,0,0,0,0,0,0,0,0,0,0,0,0,0,0,0
407343,*,9,9,0,0,0,9,9,0,0,9,0,0,0,0,0,0,0,0,0,0,0,0,0,0,0,0,0,4,0,0,4,4,0,0,0,0,0,0,0,0,0,0,0,0,0,0,0,0,0,0,0,0,0,0,0,0
407344,*,9,9,0,0,0,9,9,0,0,9,0,0,0,0,0,0,0,0,0,0,0,0,0,0,0,0,0,4,0,0,4,4,0,0,0,0,0,0,0,0,0,0,0,0,0,0,0,0,0,0,0,0,0,0,0,0
407345,*,9,9,0,0,0,9,9,0,0,9,0,0,0,0,0,0,0,0,0,0,0,0,0,0,0,0,0,4,0,0,4,4,0,0,0,0,0,0,0,0,0,0,0,0,0,0,0,0,0,0,0,0,0,0,0,0
407346,*,9,9,0,0,0,9,9,0,0,9,0,0,0,0,0,0,0,0,0,0,0,0,0,0,0,0,0,4,0,0,4,4,0,0,0,0,0,0,0,0,0,0,0,0,0,0,0,0,0,0,0,0,0,0,0,0
407347,*,9,9,0,0,0,9,9,0,0,9,0,0,0,0,0,0,0,0,0,0,0,0,0,0,0,0,0,4,0,0,4,4,0,0,0,0,0,0,0,0,0,0,0,0,0,0,0,0,0,0,0,0,0,0,0,0
407348,*,9,9,0,0,0,9,9,0,0,9,0,0,0,0,0,0,0,0,0,0,0,0,0,0,0,0,0,4,0,0,4,4,0,0,0,0,0,0,0,0,0,0,0,0,0,0,0,0,0,0,0,0,0,0,0,0
407349,*,9,9,0,0,0,9,9,0,0,9,0,0,0,0,0,0,0,0,0,0,0,0,0,0,0,0,0,4,0,0,4,4,0,0,0,0,0,0,0,0,0,0,0,0,0,0,0,0,0,0,0,0,0,0,0,0
407350,*,9,9,0,0,0,9,9,0,0,9,0,0,0,0,0,0,0,0,0,0,0,0,0,0,0,0,0,4,0,0,4,4,0,0,0,0,0,0,0,0,0,0,0,0,0,0,0,0,0,0,0,0,0,0,0,0
407351,*,9,9,0,0,0,9,9,0,0,9,0,0,0,0,0,0,0,0,0,0,0,0,0,0,0,0,0,4,0,0,4,4,0,0,0,0,0,0,0,0,0,0,0,0,0,0,0,0,0,0,0,0,0,0,0,0
407352,*,9,9,0,0,0,9,9,0,0,9,0,0,0,0,0,0,0,0,0,0,0,0,0,0,0,0,0,4,0,0,4,4,0,0,0,0,0,0,0,0,0,0,0,0,0,0,0,0,0,0,0,0,0,0,0,0
407353,*,9,9,0,0,0,9,9,0,0,9,0,0,0,0,0,0,0,0,0,0,0,0,0,0,0,0,0,4,0,0,4,4,0,0,0,0,0,0,0,0,0,0,0,0,0,0,0,0,0,0,0,0,0,0,0,0
407354,*,9,9,0,0,0,9,9,0,0,9,0,0,0,0,0,0,0,0,0,0,0,0,0,0,0,0,0,4,0,0,4,4,0,0,0,0,0,0,0,0,0,0,0,0,0,0,0,0,0,0,0,0,0,0,0,0
407355,*,9,9,0,0,0,9,9,0,0,9,0,0,0,0,0,0,0,0,0,0,0,0,0,0,0,0,0,4,0,0,4,4,0,0,0,0,0,0,0,0,0,0,0,0,0,0,0,0,0,0,0,0,0,0,0,0
407356,*,9,9,0,0,0,9,9,0,0,9,0,0,0,0,0,0,0,0,0,0,0,0,0,0,0,0,0,4,0,0,4,4,0,0,0,0,0,0,0,0,0,0,0,0,0,0,0,0,0,0,0,0,0,0,0,0
407357,*,9,9,0,0,0,9,9,0,0,9,0,0,0,0,0,0,0,0,0,0,0,0,0,0,0,0,0,4,0,0,4,4,0,0,0,0,0,0,0,0,0,0,0,0,0,0,0,0,0,0,0,0,0,0,0,0
407358,*,9,9,0,0,0,9,9,0,0,9,0,0,0,0,0,0,0,0,0,0,0,0,0,0,0,0,0,4,0,0,4,4,0,0,0,0,0,0,0,0,0,0,0,0,0,0,0,0,0,0,0,0,0,0,0,0
407359,*,9,9,0,0,0,9,9,0,0,9,0,0,0,0,0,0,0,0,0,0,0,0,0,0,0,0,0,4,0,0,4,4,0,0,0,0,0,0,0,0,0,0,0,0,0,0,0,0,0,0,0,0,0,0,0,0
407360,*,9,9,0,0,0,9,9,0,0,9,0,0,0,0,0,0,0,0,0,0,0,0,0,0,0,0,0,4,0,0,4,4,0,0,0,0,0,0,0,0,0,0,0,0,0,0,0,0,0,0,0,0,0,0,0,0
407361,*,9,9,0,0,0,9,9,0,0,9,0,0,0,0,0,0,0,0,0,0,0,0,0,0,0,0,0,4,0,0,4,4,0,0,0,0,0,0,0,0,0,0,0,0,0,0,0,0,0,0,0,0,0,0,0,0
407362,*,9,9,0,0,0,9,9,0,0,9,0,0,0,0,0,0,0,0,0,0,0,0,0,0,0,0,0,4,0,0,4,4,0,0,0,0,0,0,0,0,0,0,0,0,0,0,0,0,0,0,0,0,0,0,0,0
407603,*,0,0,0,0,0,4,147,0,0,1,0,147,7,0,0,0,0,0,0,0,1,1,1,0,0,0,40,147,0,0,147,145,1,1,1,0,0,0,0,0,0,0,0,0,0,0,0,0,0,0,0,0,0,0,0,0
407604,*,0,0,0,0,0,4,172,0,0,3,0,172,9,1,1,1,0,0,0,0,3,3,3,0,0,0,70,172,1,0,172,172,3,3,2,0,0,0,0,0,1,0,0,0,0,0,0,0,0,0,1,1,0,0,0,0
407712,*,222,222,0,0,0,220,222,0,0,62,0,0,0,0,0,0,0,0,0,228,0,0,0,0,0,0,0,228,10,0,228,228,0,0,0,0,0,0,0,0,0,0,0,0,0,0,0,0,0,0,0,0,0,0,0,0
408200,*,359,358,0,0,0,355,357,0,0,307,0,0,2,0,0,0,0,0,0,307,2,2,2,0,0,0,0,307,0,0,351,304,2,2,2,0,242,262,262,262,0,2,262,2,172,0,262,0,2,262,0,0,2,0,0,0
408202,*,345,345,0,0,0,345,345,0,0,234,0,0,0,0,0,0,0,0,0,234,0,0,0,0,0,0,0,234,0,0,278,232,0,0,0,0,251,271,271,271,0,0,271,0,182,0,271,0,0,271,0,0,0,0,0,0
408203,*,250,252,0,0,0,265,251,0,0,195,0,0,0,0,0,0,0,0,0,173,0,0,0,0,0,0,0,173,0,0,173,170,0,0,0,0,0,0,0,0,0,0,0,0,0,0,0,0,0,0,0,0,0,0,0,0
408209,*,1,1,0,0,0,1,1,0,0,0,0,0,0,0,0,0,0,0,0,0,0,0,0,0,0,0,0,0,0,0,0,0,0,0,0,0,0,0,0,0,0,0,0,0,0,0,0,0,0,0,0,0,0,0,0,0
408215,,14,14,0,0,0,14,14,0,0,0,0,0,0,0,0,0,0,0,0,0,0,0,0,14,13,0,0,14,0,0,14,0,0,0,0,0,0,0,0,0,0,0,0,0,0,0,0,0,0,0,0,0,0,0,0,0
408602,*,107,107,0,0,0,111,107,0,0,57,0,0,0,0,0,0,0,0,0,0,0,0,0,0,0,0,0,0,0,0,0,0,0,0,0,0,0,0,0,0,0,0,0,0,0,0,0,0,0,0,0,0,0,0,0,0
408603,*,106,106,0,0,0,108,106,0,0,57,0,0,0,0,0,0,0,0,0,0,0,0,0,0,0,0,0,0,0,0,0,0,0,0,0,0,0,0,0,0,0,0,0,0,0,0,0,0,0,0,0,0,0,0,0,0
408604,*,106,106,0,0,0,108,106,0,0,57,0,0,0,0,0,0,0,0,0,0,0,0,0,0,0,0,0,0,0,0,0,0,0,0,0,0,0,0,0,0,0,0,0,0,0,0,0,0,0,0,0,0,0,0,0,0
408605,*,99,99,0,0,0,99,99,0,0,57,0,0,0,0,0,0,0,0,0,0,0,0,0,0,0,0,0,0,0,0,0,0,0,0,0,0,0,0,0,0,0,0,0,0,0,0,0,0,0,0,0,0,0,0,0,0
409005,*,1719,860,0,0,0,1724,2421,0,0,701,0,210,251,0,0,0,0,0,0,0,250,303,251,0,0,0,0,831,0,0,832,830,251,251,248,0,0,0,0,0,0,0,0,0,0,0,0,0,832,0,0,0,0,251,0,0
409011,*,1167,669,0,0,0,1169,1615,0,0,627,0,210,172,0,0,0,0,0,0,0,172,172,172,0,0,0,0,732,0,0,732,728,172,172,169,0,0,0,0,0,0,1,0,0,0,0,0,0,730,0,0,0,0,173,0,0
409016,*,1490,974,0,0,0,1482,2270,0,0,956,0,418,173,1,1,1,0,0,0,0,173,173,174,0,0,0,0,1517,76,0,1519,1512,173,173,170,0,0,0,0,0,0,0,0,0,0,0,0,0,1519,0,1,1,0,962,0,0
409034,*,1716,876,0,0,0,1723,2422,0,0,701,0,213,251,0,0,0,0,0,0,0,252,304,252,0,0,0,0,1310,0,0,1311,1307,252,252,249,0,0,0,0,0,0,0,0,0,0,0,0,0,1312,0,0,0,0,706,0,0
409202,*,168,168,0,0,0,168,168,0,0,46,0,0,46,0,0,0,0,0,0,46,46,46,46,0,0,0,0,44,0,0,45,0,46,46,46,0,0,0,0,0,8,46,0,46,7,0,0,0,46,0,0,0,42,0,0,0
409204,*,1546,965,0,0,0,1525,2571,0,0,958,0,408,290,74,49,49,0,0,0,1,249,247,249,0,0,0,0,1568,76,0,1568,1557,249,249,318,0,2,2,2,2,0,2,2,2,2,2,2,2,1560,2,3,3,0,961,0,0
409206,*,108,108,0,0,0,102,108,0,0,58,0,0,0,0,0,0,0,0,0,0,0,0,0,0,0,0,0,0,0,0,0,0,0,0,0,0,0,0,0,0,0,0,0,0,0,0,0,0,0,0,0,0,0,0,0,0
409207,*,1577,1006,0,0,0,1557,2602,0,0,960,0,407,184,1,0,0,0,0,0,0,184,184,184,0,0,0,0,1598,76,0,1598,1586,184,184,182,0,0,0,0,0,0,0,0,0,0,0,0,0,1593,0,0,0,0,962,0,0
409213,,150,150,0,0,0,150,150,0,0,0,0,0,0,0,0,0,0,0,0,0,0,0,0,0,0,0,0,0,0,0,0,0,0,0,0,0,0,0,0,0,0,0,0,0,0,0,0,0,0,0,0,0,0,0,0,0
409215,*,157,157,0,0,0,157,157,0,0,0,0,0,0,0,0,0,0,0,0,0,0,0,0,0,0,0,0,0,0,0,0,0,0,0,0,0,0,0,0,0,0,0,0,0,0,0,0,0,0,0,0,0,0,0,0,0
409216,*,1,1,0,0,0,3,187,0,0,2,0,186,9,0,0,0,0,0,0,0,4,2,4,0,0,0,77,187,1,0,187,186,4,4,3,0,0,0,0,0,0,1,0,1,0,0,0,0,0,0,0,0,0,0,0,0
409241,,4,4,0,0,0,5,4,0,0,0,0,0,0,0,0,0,0,0,0,0,0,0,0,4,4,0,0,4,0,0,4,0,0,0,0,0,0,0,0,0,0,0,0,0,0,0,0,0,0,0,0,0,0,0,0,0
409600,*,176,178,0,0,0,162,174,0,0,68,0,0,0,0,0,0,0,0,0,10,0,0,0,0,0,0,0,10,0,0,10,10,0,0,0,0,0,0,0,0,0,0,0,0,0,0,0,0,0,0,0,0,0,9,0,0
409601,,6,6,0,0,0,0,4,0,0,6,0,0,0,0,0,0,0,0,0,6,0,0,0,0,0,0,0,6,0,0,6,5,0,0,0,0,0,0,0,0,0,0,0,0,0,0,0,0,0,0,0,0,0,6,0,0
409602,,9,11,0,0,0,0,8,0,0,9,0,0,0,0,0,0,0,0,0,9,0,0,0,0,0,0,0,9,0,0,9,9,0,0,0,0,0,0,0,0,0,0,0,0,0,0,0,0,0,0,0,0,0,8,0,0
409604,,10,11,0,0,0,0,7,0,0,7,0,0,0,0,0,0,0,0,0,7,0,0,0,0,0,0,0,7,0,0,7,7,0,0,0,0,0,0,0,0,0,0,0,0,0,0,0,0,0,0,0,0,0,6,0,0
409606,,8,10,0,0,0,0,7,0,0,9,0,0,0,0,0,0,0,0,0,9,0,0,0,0,0,0,0,9,0,0,9,9,0,0,0,0,0,0,0,0,0,0,0,0,0,0,0,0,0,0,0,0,0,8,0,0
409607,,7,9,0,0,0,0,5,0,0,6,0,0,0,0,0,0,0,0,0,6,0,0,0,0,0,0,0,6,0,0,6,6,0,0,0,0,0,0,0,0,0,0,0,0,0,0,0,0,0,0,0,0,0,5,0,0
409608,,10,12,0,0,0,0,8,0,0,8,0,0,0,0,0,0,0,0,0,8,0,0,0,0,0,0,0,8,0,0,9,8,0,0,0,0,0,0,0,0,0,0,0,0,0,0,0,0,0,0,0,0,0,7,0,0
409712,*,74,74,0,0,0,73,72,0,0,0,0,0,0,0,0,0,0,0,0,75,0,0,0,0,0,0,0,75,0,0,75,73,0,0,0,0,0,0,0,0,0,0,0,0,0,0,0,0,0,0,0,0,0,0,0,0
414200,*,1846,1012,0,0,0,1852,2302,0,0,483,0,210,31,0,0,0,0,0,0,31,31,31,31,0,0,0,0,33,0,0,32,2,31,31,31,0,0,0,0,0,2,31,0,31,2,0,0,0,32,0,0,0,31,2,0,0
414201,*,161,161,0,0,0,161,161,0,0,0,0,0,0,0,0,0,0,0,0,0,0,0,0,0,0,0,0,0,0,0,0,0,0,0,0,0,0,0,0,0,0,0,0,0,0,0,0,0,0,0,0,0,0,0,0,0
414203,*,157,157,0,0,0,157,157,0,0,0,0,0,0,0,0,0,0,0,0,0,0,0,0,0,0,0,0,0,0,0,0,0,0,0,0,0,0,0,0,0,0,0,0,0,0,0,0,0,0,0,0,0,0,0,0,0
414204,*,1478,924,0,0,0,1461,2240,0,0,761,0,389,0,0,0,0,0,0,0,0,0,0,0,0,0,0,0,0,0,0,0,0,0,0,0,0,0,0,0,0,0,0,0,0,0,0,0,0,0,0,0,0,0,0,0,0
414205,*,112,112,0,0,0,112,111,0,0,57,0,0,0,0,0,0,0,0,0,0,0,0,0,0,0,0,0,0,0,0,0,0,0,0,0,0,0,0,0,0,0,0,0,0,0,0,0,0,0,0,0,0,0,0,0,0
414207,*,179,179,0,0,0,179,180,0,0,1,0,1,0,0,0,0,0,0,0,0,0,0,0,0,0,0,0,24,0,0,24,24,0,0,0,0,0,0,0,0,0,0,0,0,0,0,0,0,0,0,0,0,0,0,0,0
414221,,14,14,0,0,0,14,14,0,0,0,0,0,0,0,0,0,0,0,0,0,0,0,0,14,14,0,0,14,0,0,14,0,0,0,0,0,0,0,0,0,0,0,0,0,0,0,0,0,0,0,0,0,0,0,0,0
414222,,14,14,0,0,0,14,14,0,0,0,0,0,0,0,0,0,0,0,0,0,0,0,0,14,14,0,0,14,0,0,14,0,0,0,0,0,0,0,0,0,0,0,0,0,0,0,0,0,0,0,0,0,0,0,0,0
414223,,14,14,0,0,0,14,14,0,0,0,0,0,0,0,0,0,0,0,0,0,0,0,0,14,14,0,0,14,0,0,14,0,0,0,0,0,0,0,0,0,0,0,0,0,0,0,0,0,0,0,0,0,0,0,0,0
414224,,14,14,0,0,0,14,14,0,0,0,0,0,0,0,0,0,0,0,0,0,0,0,0,13,13,0,0,13,0,0,13,0,0,0,0,0,0,0,0,0,0,0,0,0,0,0,0,0,0,0,0,0,0,0,0,0
414225,,12,12,0,0,0,12,12,0,0,0,0,0,0,0,0,0,0,0,0,0,0,0,0,12,11,0,0,11,0,0,11,0,0,0,0,0,0,0,0,0,0,0,0,0,0,0,0,0,0,0,0,0,0,0,0,0
414226,,6,5,0,0,0,6,6,0,0,0,0,0,0,0,0,0,0,0,0,0,0,0,0,6,6,0,0,6,0,0,6,0,0,0,0,0,0,0,0,0,0,0,0,0,0,0,0,0,0,0,0,0,0,0,0,0
414227,,7,6,0,0,0,6,6,0,0,0,0,0,0,0,0,0,0,0,0,0,0,0,0,6,6,0,0,6,0,0,6,0,0,0,0,0,0,0,0,0,0,0,0,0,0,0,0,0,0,0,0,0,0,0,0,0
414228,,23,23,0,0,0,23,23,0,0,0,0,0,0,0,0,0,0,0,0,0,0,0,0,0,0,0,0,23,0,0,23,23,0,0,0,0,0,0,0,0,0,0,0,0,0,0,0,0,0,0,0,0,0,0,0,0
414600,,22,9,0,0,0,9,31,0,0,10,0,9,0,0,0,0,0,0,0,10,0,0,0,9,9,0,0,28,0,0,28,8,0,0,0,0,0,0,0,0,0,0,0,0,0,0,0,0,0,0,0,0,1,8,0,0
414601,,14,14,0,0,0,14,14,0,0,0,0,0,0,0,0,0,0,0,0,0,0,0,0,14,14,0,0,14,0,0,14,0,0,0,0,0,0,0,0,0,0,0,0,0,0,0,0,0,0,0,0,0,0,0,0,0
414602,,7,6,0,0,0,7,7,0,0,0,0,0,0,0,0,0,0,0,0,0,0,0,0,7,7,0,0,7,0,0,7,0,0,0,0,0,0,0,0,0,0,0,0,0,0,0,0,0,0,0,0,0,0,0,0,0
414603,,14,13,0,0,0,14,14,0,0,0,0,0,0,0,0,0,0,0,0,0,0,0,0,14,14,0,0,14,0,0,14,0,0,0,0,0,0,0,0,0,0,0,0,0,0,0,0,0,0,0,0,0,0,0,0,0
414604,,14,14,0,0,0,14,14,0,0,0,0,0,0,0,0,0,0,0,0,0,0,0,0,14,13,0,0,14,0,0,14,0,0,0,0,0,0,0,0,0,0,0,0,0,0,0,0,0,0,0,0,0,0,0,0,0
414605,,4,4,0,0,0,4,4,0,0,0,0,0,0,0,0,0,0,0,0,0,0,0,0,4,4,0,0,4,0,0,4,0,0,0,0,0,0,0,0,0,0,0,0,0,0,0,0,0,0,0,0,0,0,0,0,0
414702,*,35,33,0,0,0,35,35,0,0,1,0,0,0,0,0,0,0,0,0,35,0,0,0,0,0,0,0,35,0,0,35,33,0,0,0,0,0,0,0,0,0,0,0,0,0,0,0,0,0,0,0,0,0,0,0,0
414703,*,37,36,0,0,0,37,37,0,0,1,0,0,0,0,0,0,0,0,0,38,0,0,0,0,0,0,0,38,0,0,38,37,0,0,0,0,0,0,0,0,0,0,0,0,0,0,0,0,0,0,0,0,0,0,0,0
414706,*,32,31,0,0,0,33,32,0,0,0,0,0,0,0,0,0,0,0,0,31,0,0,0,0,0,0,0,31,0,0,31,30,0,0,0,0,0,0,0,0,0,0,0,0,0,0,0,0,0,0,0,0,0,0,0,0
414716,*,36,35,0,0,0,36,36,0,0,0,0,0,0,0,0,0,0,0,0,35,0,0,0,0,0,0,0,35,0,0,35,34,0,0,0,0,0,0,0,0,0,0,0,0,0,0,0,0,0,0,0,0,0,0,0,0
414717,*,36,35,0,0,0,36,36,0,0,0,0,0,0,0,0,0,0,0,0,35,0,0,0,0,0,0,0,35,0,0,35,34,0,0,0,0,0,0,0,0,0,0,0,0,0,0,0,0,0,0,0,0,0,0,0,0
414721,*,24,24,0,0,0,24,24,0,0,0,0,0,0,0,0,0,0,0,0,0,0,0,0,0,0,0,0,24,0,0,24,23,0,0,0,0,0,0,0,0,0,0,0,0,0,0,0,0,0,0,0,0,0,0,0,0
414723,*,23,23,0,0,0,23,23,0,0,0,0,0,0,0,0,0,0,0,0,0,0,0,0,0,0,0,0,23,0,0,23,23,0,0,0,0,0,0,0,0,0,0,0,0,0,0,0,0,0,0,0,0,0,0,0,0
414724,*,24,24,0,0,0,24,24,0,0,0,0,0,0,0,0,0,0,0,0,0,0,0,0,0,0,0,0,24,0,0,24,23,0,0,0,0,0,0,0,0,0,0,0,0,0,0,0,0,0,0,0,0,0,0,0,0
414728,*,24,24,0,0,0,24,24,0,0,0,0,0,0,0,0,0,0,0,0,0,0,0,0,0,0,0,0,24,0,0,24,24,0,0,0,0,0,0,0,0,0,0,0,0,0,0,0,0,0,0,0,0,0,0,0,0
415200,*,363,362,0,0,0,360,363,0,0,372,0,0,2,0,0,0,0,0,0,359,2,2,2,0,0,0,0,371,0,0,371,369,2,2,2,0,261,280,280,280,0,2,280,2,193,0,280,0,2,280,0,0,2,0,0,0
415201,*,470,470,0,0,0,470,470,0,0,346,0,0,50,0,0,0,0,0,0,346,50,49,50,0,0,0,0,345,0,0,345,295,49,49,50,0,0,1,1,1,6,46,1,46,5,0,1,0,46,1,0,0,42,0,0,0
415202,*,153,153,0,0,0,153,174,0,0,0,0,21,3,0,0,0,0,0,0,0,0,0,0,0,0,0,0,21,0,0,21,21,0,0,0,0,0,0,0,0,0,0,0,0,0,0,0,0,0,0,0,0,0,0,0,0
415203,*,323,325,0,0,0,323,326,0,0,58,0,0,0,0,0,0,0,0,0,0,0,0,0,0,0,0,0,0,0,0,0,0,0,0,0,0,0,0,0,0,0,0,0,0,0,0,0,0,0,0,0,0,0,0,0,0
415207,*,358,358,0,0,0,357,358,0,0,366,0,0,0,0,0,0,0,0,0,366,0,0,0,0,0,0,0,366,0,0,367,365,0,0,0,0,3,3,3,3,0,0,3,0,2,0,3,0,0,3,0,0,0,0,0,0
415214,*,178,178,0,0,0,178,178,0,0,0,0,0,0,0,0,0,0,0,0,0,0,0,0,0,0,0,0,0,0,0,0,0,0,0,0,0,0,0,0,0,0,0,0,0,0,0,0,0,0,0,0,0,0,0,0,0
415217,*,173,173,0,0,0,173,173,0,0,0,0,0,0,0,0,0,0,0,0,0,0,0,0,0,0,0,0,0,0,0,0,0,0,0,0,0,0,0,0,0,0,0,0,0,0,0,0,0,0,0,0,0,0,0,0,0
415220,*,257,257,0,0,0,257,257,0,0,168,0,0,0,0,0,0,0,0,0,130,0,0,0,0,0,0,0,138,0,0,138,138,0,0,0,0,9,9,9,9,0,0,9,0,9,0,9,0,0,9,0,0,0,0,0,0
415224,,177,177,0,0,0,177,177,0,0,0,0,0,0,0,0,0,0,0,0,0,0,0,0,0,0,0,0,1,0,0,1,1,0,0,0,0,0,0,0,0,0,0,0,0,0,0,0,0,0,0,0,0,0,0,0,0
415227,*,0,0,0,0,0,0,102,0,0,1,0,103,8,0,0,0,0,0,0,1,0,0,0,0,0,0,2,104,0,0,104,103,0,0,0,0,0,0,0,0,0,0,0,0,0,0,0,0,0,0,0,0,0,0,0,0
415228,*,0,0,0,0,0,3,70,0,0,1,0,70,1,0,0,0,0,0,0,0,1,1,1,0,0,0,68,70,1,0,70,70,1,1,1,0,0,0,0,0,1,0,0,0,0,0,0,0,0,0,0,0,0,0,0,0
415229,*,0,0,0,0,0,3,68,0,0,0,0,68,0,0,0,0,0,0,0,0,0,0,0,0,0,0,64,68,1,0,68,68,0,0,0,0,0,0,0,0,0,0,0,0,0,0,0,0,0,0,0,0,0,0,0,0
415237,*,275,275,0,0,0,275,276,0,0,58,0,0,0,0,0,0,0,0,0,0,0,0,0,0,0,0,0,0,0,0,0,0,0,0,0,0,0,0,0,0,0,0,0,0,0,0,0,0,0,0,0,0,0,0,0,0
415246,*,335,334,0,0,0,333,335,0,0,338,0,0,0,0,0,0,0,0,0,337,0,0,0,0,0,0,0,338,0,0,338,337,0,0,0,0,218,238,238,238,0,0,238,0,151,0,238,0,0,238,0,0,0,0,0,0
415251,*,210,211,0,0,0,215,210,0,0,183,0,0,0,0,0,0,0,0,0,170,0,0,0,0,0,0,0,169,0,0,169,171,0,0,0,0,0,0,0,0,0,0,0,0,0,0,0,0,0,0,0,0,0,0,0,0
415257,*,254,257,0,0,0,254,257,0,0,248,0,0,0,0,0,0,0,0,0,234,0,0,0,0,0,0,0,235,0,0,235,231,0,0,0,0,0,0,0,0,0,0,0,0,0,0,0,0,0,0,0,0,0,0,0,0
415258,,1,1,0,0,0,1,1,0,0,0,0,0,0,0,0,0,0,0,0,0,0,0,0,0,0,0,0,0,0,0,0,0,0,0,0,0,0,0,0,0,0,0,0,0,0,0,0,0,0,0,0,0,0,0,0,0
415259,*,164,165,0,0,0,164,164,0,0,154,0,0,0,0,0,0,0,0,0,142,0,0,0,0,0,0,0,145,0,0,145,144,0,0,0,0,0,0,0,0,0,0,0,0,0,0,0,0,0,0,0,0,0,0,0,0
415600,*,136,136,0,0,0,128,132,0,0,63,0,0,0,0,0,0,0,0,0,5,0,0,0,0,0,0,0,5,0,0,5,5,0,0,0,0,0,0,0,0,0,0,0,0,0,0,0,0,0,0,0,0,0,4,0,0
415601,*,101,101,0,0,0,101,101,0,0,58,0,0,0,0,0,0,0,0,0,0,0,0,0,0,0,0,0,0,0,0,0,0,0,0,0,0,0,0,0,0,0,0,0,0,0,0,0,0,0,0,0,0,0,0,0,0
415602,*,63,63,0,0,0,50,59,0,0,55,0,0,0,0,0,0,0,0,0,12,0,0,0,0,0,0,0,12,0,0,12,12,0,0,0,0,0,0,0,0,0,0,0,0,0,0,0,0,0,0,0,0,0,11,0,0
415604,*,46,46,0,0,0,46,46,0,0,42,0,0,0,0,0,0,0,0,0,0,0,0,0,0,0,0,0,0,0,0,0,0,0,0,0,0,0,0,0,0,0,0,0,0,0,0,0,0,0,0,0,0,0,0,0,0
415605,,13,0,0,0,0,0,13,0,0,8,0,0,0,0,0,0,0,0,0,8,0,0,0,0,0,0,0,8,0,0,8,6,0,0,0,0,0,0,0,0,0,0,0,0,0,0,0,0,0,0,0,0,0,8,0,0
415606,,0,0,0,0,0,0,114,0,0,0,0,114,7,0,0,0,0,0,0,0,0,0,0,0,0,0,0,114,0,0,114,114,0,0,0,0,0,0,0,0,0,0,0,0,0,0,0,0,0,0,0,0,0,0,0,0
415607,,0,0,0,0,0,0,20,0,0,0,0,20,3,0,0,0,0,0,0,0,0,0,0,0,0,0,0,20,0,0,20,20,0,0,0,0,0,0,0,0,0,0,0,0,0,0,0,0,0,0,0,0,0,0,0,0
415608,*,12,12,0,0,0,16,198,0,0,0,0,186,7,0,0,0,0,0,0,0,0,0,0,0,0,0,70,186,0,0,186,183,0,0,0,0,0,0,0,0,0,0,0,0,0,0,0,0,0,0,0,0,0,0,0,0
415609,,0,0,0,0,0,0,110,0,0,0,0,110,7,0,0,0,0,0,0,0,0,0,0,0,0,0,0,110,0,0,110,110,0,0,0,0,0,0,0,0,0,0,0,0,0,0,0,0,0,0,0,0,0,0,0,0
415610,*,0,0,0,0,0,3,185,0,0,0,0,185,8,0,0,0,0,0,0,0,0,0,0,0,0,0,65,185,1,0,185,182,0,0,0,0,0,0,0,0,0,0,0,0,0,0,0,0,0,0,0,0,0,0,0,0
415611,,12,11,0,0,0,0,7,0,0,10,0,0,0,0,0,0,0,0,0,10,0,0,0,0,0,0,0,9,0,0,10,10,0,0,0,0,0,0,0,0,0,0,0,0,0,0,0,0,0,0,0,0,0,9,0,0
415612,*,0,0,0,0,0,0,119,0,0,0,0,119,6,0,0,0,0,0,0,0,0,0,0,0,0,0,0,119,0,0,119,118,0,0,0,0,0,0,0,0,0,0,0,0,0,0,0,0,1,0,0,0,0,0,0,0
426200,*,162,162,0,0,0,162,162,0,0,49,0,0,47,0,0,0,0,0,0,50,46,47,46,0,0,0,0,49,0,0,50,3,47,46,47,0,0,0,0,0,1,46,0,46,0,0,0,0,47,0,0,0,45,0,0,0

(551 rows affected)
